Time,Acceleration,Roll,battery_voltage,battery_percentage,Pitch
09:54:24,"(0.0, 0.0, 0.9910889)",9.941137,4.561255,89.45872,-4.246247
09:54:25,"(-0.1751709, 0.07580566, 0.9881592)",10.03781,4.546201,87.95336,-4.141716
09:54:26,"(-0.163208, 0.07397461, 0.989624)",9.364879,4.566273,89.96055,-4.210093
09:54:27,"(-0.1723633, 0.07397461, 0.9921875)",9.536855,4.561255,89.45872,-4.20529
09:54:28,"(-0.1689453, 0.07141113, 0.9881592)",9.702037,4.561255,89.45872,-4.30678
09:54:29,"(-0.1690674, 0.07067871, 0.9887695)",9.703034,4.566273,89.96055,-4.030337
09:54:30,"(-0.1732178, 0.08813477, 1.038696)",9.773064,4.566273,89.96055,-6.521955
09:54:31,"(-0.164917, 0.05566406, 0.991333)",9.44516,4.556237,88.95696,-3.50214
09:54:32,"(-0.177002, 0.08605957, 0.9827881)",10.25098,4.561255,89.45872,-4.924954
09:54:33,"(-0.175293, 0.08459473, 0.9855957)",10.04345,4.556237,88.95696,-5.143406
09:54:34,"(-0.1779785, 0.08459473, 0.9868164)",10.22374,4.561255,89.45872,-5.070321
09:54:35,"(-0.1761475, 0.08349609, 0.9824219)",10.16508,4.561255,89.45872,-4.782001
09:54:36,"(-0.1783447, 0.08703613, 0.9890137)",10.27676,4.561255,89.45872,-4.823841
09:54:37,"(-0.1767578, 0.08679199, 0.9881592)",10.12932,4.561255,89.45872,-4.712274
09:54:38,"(-0.1782227, 0.08789063, 0.9910889)",10.19427,4.561255,89.45872,-4.988186
09:54:40,"(-0.1783447, 0.08813477, 0.9880371)",10.09665,4.566273,89.96055,-5.061457
09:54:41,"(-0.1743164, 0.0838623, 0.9842529)",10.04324,4.561255,89.45872,-4.982269
09:54:42,"(-0.1784668, 0.08508301, 0.9969482)",10.14919,4.561255,89.45872,-4.80203
09:54:43,"(-0.1767578, 0.08850098, 0.9844971)",10.17851,4.566273,89.96055,-5.056354
09:54:44,"(-0.1789551, 0.09106445, 0.987915)",10.21198,4.561255,89.45872,-4.849913
09:54:45,"(-0.175415, 0.08813477, 0.989624)",10.10722,4.561255,89.45872,-4.736927
09:54:46,"(-0.177124, 0.08837891, 0.987793)",10.21279,4.561255,89.45872,-4.749315
09:54:47,"(-0.1768799, 0.08837891, 0.9929199)",10.10078,4.561255,89.45872,-4.867064
09:54:48,"(-0.1329346, 0.1000977, 0.8811035)",8.579666,4.561255,89.45872,-6.475534
09:54:49,"(-0.1374512, 0.1422119, 0.9752197)",8.022639,4.561255,89.45872,-8.216619
09:54:50,"(-0.1741943, 0.09033203, 1.019287)",10.03665,4.561255,89.45872,-4.481357
09:54:51,"(-0.1782227, 0.08483887, 0.9753418)",10.5384,4.561255,89.45872,-4.88159
09:54:52,"(-0.2020264, 0.09130859, 1.062866)",10.17736,4.561255,89.45872,-4.096589
09:54:53,"(-0.1812744, 0.0723877, 0.989502)",10.38134,4.566273,89.96055,-4.868057
09:54:54,"(-0.1738281, 0.07104492, 0.9880371)",9.978094,4.566273,89.96055,-4.05078
09:54:55,"(-0.1756592, 0.0715332, 0.9932861)",10.08348,4.566273,89.96055,-3.924649
09:54:57,"(-0.1761475, 0.07202148, 0.9875488)",9.9182,4.566273,89.96055,-3.906682
09:54:58,"(-0.1729736, 0.07165527, 0.9909668)",9.901247,4.566273,89.96055,-3.879447
09:54:59,"(-0.1727295, 0.07141113, 0.9821777)",9.974258,4.566273,89.96055,-3.910279
09:55:00,"(-0.1722412, 0.06896973, 0.9830322)",10.11753,4.566273,89.96055,-4.153203
09:55:01,"(-0.173584, 0.06848145, 0.9874268)",9.99676,4.561255,89.45872,-4.039524
09:55:02,"(-0.1744385, 0.06750488, 0.9880371)",9.994274,4.561255,89.45872,-4.015162
09:55:03,"(-0.1716309, 0.0670166, 0.9899902)",9.835392,4.561255,89.45872,-4.034272
09:55:04,"(-0.1700439, 0.06665039, 0.9888916)",9.756825,4.561255,89.45872,-3.786664
09:55:05,"(-0.1743164, 0.06958008, 0.993042)",9.95614,4.561255,89.45872,-3.947861
09:55:06,"(-0.1738281, 0.07055664, 0.9902344)",9.956396,4.561255,89.45872,-4.0144
09:55:07,"(-0.1743164, 0.07006836, 0.9907227)",10.09553,4.561255,89.45872,-3.970585
09:55:08,"(-0.1739502, 0.07116699, 0.9891357)",9.929659,4.561255,89.45872,-3.877314
09:55:09,"(-0.1733398, 0.07177734, 0.9893799)",9.93739,4.566273,89.96055,-3.837798
09:55:10,"(-0.1781006, 0.0715332, 0.9854736)",10.24425,4.566273,89.96055,-3.751851
09:55:11,"(-0.1727295, 0.06994629, 0.9863281)",9.974401,4.566273,89.96055,-3.904917
09:55:12,"(-0.1732178, 0.06848145, 0.9907227)",9.926416,4.57129,90.46233,-4.00026
09:55:13,"(-0.1730957, 0.06860352, 0.9899902)",9.970099,4.566273,89.96055,-4.021154
09:55:14,"(-0.1730957, 0.06860352, 0.9899902)",9.921273,4.561255,89.45872,-4.016119
09:55:15,"(-0.1740723, 0.06835938, 0.9838867)",10.03312,4.566273,89.96055,-4.001223
09:55:16,"(-0.1726074, 0.06774902, 0.989624)",9.89384,4.566273,89.96055,-3.858254
09:55:17,"(-0.175293, 0.06860352, 0.9829102)",9.835774,4.566273,89.96055,-3.920104
09:55:19,"(-0.1744385, 0.0682373, 0.9840088)",10.05257,4.566273,89.96055,-3.906186
09:55:20,"(-0.1695557, 0.07373047, 0.989624)",10.03781,4.561255,89.45872,-3.925829
09:55:21,"(-0.1744385, 0.07202148, 0.9919434)",9.924531,4.566273,89.96055,-4.064249
09:55:22,"(-0.1727295, 0.07080078, 0.9819336)",10.01963,4.561255,89.45872,-3.869258
09:55:23,"(-0.1730957, 0.07128906, 0.9897461)",9.853296,4.556237,88.95696,-3.811979
09:55:24,"(-0.1740723, 0.06945801, 0.9862061)",10.01,4.561255,89.45872,-3.747174
09:55:25,"(-0.1729736, 0.07006836, 0.993042)",9.880964,4.566273,89.96055,-3.702478
09:55:26,"(-0.175293, 0.06896973, 0.9884033)",10.05682,4.566273,89.96055,-4.003123
09:55:27,"(-0.1728516, 0.07080078, 0.9910889)",9.893203,4.561255,89.45872,-3.863955
09:55:28,"(-0.1710205, 0.06982422, 0.9921875)",9.77981,4.566273,89.96055,-3.970969
09:55:29,"(-0.173584, 0.07080078, 0.9869385)",9.97523,4.566273,89.96055,-4.04142
09:55:30,"(-0.1715088, 0.07263184, 0.9880371)",9.847583,4.566273,89.96055,-3.856704
09:55:31,"(-0.1715088, 0.06738281, 0.991333)",9.81548,4.566273,89.96055,-3.92851
09:55:32,"(-0.1756592, 0.06750488, 1.000488)",9.958121,4.566273,89.96055,-3.849259
09:55:34,"(-0.1710205, 0.06945801, 0.984375)",9.85591,4.566273,89.96055,-3.976754
09:55:35,"(-0.1733398, 0.07348633, 0.9868164)",9.962689,4.566273,89.96055,-4.194856
09:55:36,"(-0.1745605, 0.07324219, 0.9824219)",10.07538,4.57129,90.46233,-4.198151
09:55:37,"(-0.1694336, 0.06738281, 0.9777832)",9.830786,4.566273,89.96055,-3.884532
09:55:38,"(-0.1694336, 0.06555176, 0.9854736)",9.755548,4.566273,89.96055,-3.750723
09:55:39,"(-0.1756592, 0.0670166, 0.9980469)",9.805168,4.57129,90.46233,-3.785566
09:55:40,"(-0.1748047, 0.07177734, 0.9946289)",9.831378,4.57129,90.46233,-4.067181
09:55:41,"(-0.171875, 0.07263184, 0.9875488)",10.30547,4.57129,90.46233,-4.138772
09:55:42,"(-0.171875, 0.07080078, 0.9906006)",10.1171,4.566273,89.96055,-4.024769
09:55:43,"(-0.1751709, 0.07080078, 0.9901123)",10.03296,4.57129,90.46233,-3.751239
09:55:44,"(-0.1778564, 0.0715332, 0.9918213)",10.1664,4.566273,89.96055,-4.069359
09:55:45,"(-0.1774902, 0.06738281, 0.9919434)",10.14468,4.566273,89.96055,-3.836967
09:55:46,"(-0.1755371, 0.06542969, 0.9915771)",10.03896,4.57129,90.46233,-3.725116
09:55:47,"(-0.1728516, 0.06848145, 0.9892578)",9.911152,4.566273,89.96055,-3.757019
09:55:48,"(-0.1748047, 0.06933594, 0.9943848)",9.970258,4.57129,90.46233,-3.901108
09:55:49,"(-0.1767578, 0.07019043, 0.9903564)",10.11954,4.57129,90.46233,-4.008794
09:55:50,"(-0.1748047, 0.06811523, 0.9813232)",10.10025,4.57129,90.46233,-3.882214
09:55:51,"(-0.1738281, 0.06726074, 0.9880371)",9.978094,4.566273,89.96055,-3.835679
09:55:52,"(-0.1673584, 0.07128906, 0.987793)",9.87746,4.566273,89.96055,-4.066901
09:55:54,"(-0.1710205, 0.06872559, 0.9837646)",9.861905,4.566273,89.96055,-3.937315
09:55:55,"(-0.1721191, 0.06958008, 0.9892578)",9.869983,4.566273,89.96055,-3.768301
09:55:56,"(-0.1726074, 0.06774902, 0.9885254)",9.904619,4.566273,89.96055,-3.834199
09:55:57,"(-0.1715088, 0.06738281, 0.9859619)",9.867902,4.57129,90.46233,-3.740079
09:55:58,"(-0.1743164, 0.07019043, 0.998291)",9.90483,4.576308,90.96411,-3.854703
09:55:59,"(-0.1765137, 0.06604004, 0.979126)",10.21933,4.57129,90.46233,-3.759577
09:56:00,"(-0.1719971, 0.06921387, 0.9959717)",9.668315,4.566273,89.96055,-3.919024
09:56:01,"(-0.1696777, 0.06518555, 0.9819336)",9.848538,4.566273,89.96055,-3.671745
09:56:02,"(-0.1702881, 0.07202148, 1.00061)",9.895892,4.566273,89.96055,-4.131221
09:56:03,"(-0.1483154, 0.07922363, 1.005737)",9.96116,4.561255,89.45872,-4.436362
09:56:04,"(-0.1593018, 0.07385254, 0.9848633)",9.236459,4.556237,88.95696,-4.553593
09:56:05,"(-0.1588135, 0.07971191, 0.9929199)",9.49193,4.556237,88.95696,-4.410759
09:56:06,"(-0.133667, 0.06054688, 1.010986)",11.18377,4.551219,88.45518,-0.3888037
09:56:07,"(-0.1682129, 0.05578613, 0.9418945)",10.1257,4.561255,89.45872,-3.39141
09:56:09,"(0.08447266, 0.3099365, 1.011353)",-4.774516,4.556237,88.95696,-17.00926
09:56:10,"(-0.1678467, 0.05847168, 0.9854736)",9.665909,4.561255,89.45872,-3.324724
09:56:11,"(-0.1782227, 0.05749512, 1.007813)",10.02856,4.566273,89.96055,-3.311977
09:56:12,"(-0.1674805, 0.05175781, 0.9682617)",9.813366,4.561255,89.45872,-3.01511
09:56:13,"(-0.1717529, 0.0513916, 0.9613037)",10.12996,4.566273,89.96055,-3.012523
09:56:14,"(0.206665, 0.5107422, 0.8483887)",-13.69045,4.561255,89.45872,-30.32381
09:56:15,"(0.4240723, 0.8381348, 0.05969238)",-81.98769,4.561255,89.45872,-62.93481
09:56:16,"(0.4304199, 0.8721924, -0.1838379)",-113.1279,4.561255,89.45872,-61.68384
09:56:17,"(0.3759766, 0.887207, -0.1804199)",-115.635,4.561255,89.45872,-64.43175
09:56:18,"(0.1965332, 0.9361572, -0.2728271)",-144.2326,4.561255,89.45872,-69.29598
09:56:19,"(0.1427002, 0.923584, -0.3342285)",-156.8797,4.566273,89.96055,-67.89358
09:56:20,"(0.3746338, 0.894165, -0.1174316)",-107.404,4.561255,89.45872,-66.16283
09:56:21,"(0.3743896, 0.8952637, -0.1875)",-116.6024,4.566273,89.96055,-64.9344
09:56:22,"(0.5458984, 0.9173584, -0.2095947)",-122.783,4.561255,89.45872,-67.12197
09:56:23,"(0.3377686, 0.9158936, 0.1099854)",-70.21225,4.561255,89.45872,-69.03028
09:56:24,"(0.0234375, 0.8109131, 0.5627441)",-2.426978,4.561255,89.45872,-55.53428
09:56:25,"(0.2539063, 0.9338379, 0.2375488)",-46.90631,4.566273,89.96055,-69.59087
09:56:26,"(0.2095947, 0.9639893, 0.02294922)",-83.75139,4.551219,88.45518,-77.12132
09:56:27,"(0.2634277, 0.9533691, -0.05615234)",-102.0331,4.566273,89.96055,-74.22394
09:56:29,"(0.4316406, 0.5216064, 0.3630371)",-49.93404,4.561255,89.45872,-42.76309
09:56:30,"(-0.2746582, 0.1191406, 0.8880615)",17.18571,4.556237,88.95696,-7.303678
09:56:31,"(-0.1697998, 0.03747559, 0.9837646)",9.682384,4.556237,88.95696,-2.150527
09:56:32,"(-0.1727295, 0.03759766, 0.9870605)",9.925901,4.551219,88.45518,-2.148236
09:56:33,"(-0.1705322, 0.03869629, 0.9868164)",9.804479,4.551219,88.45518,-2.212838
09:56:34,"(-0.1727295, 0.0378418, 0.9908447)",9.888743,4.556237,88.95696,-2.252032
09:56:35,"(-0.1721191, 0.03759766, 0.9908447)",9.854486,4.556237,88.95696,-2.235381
09:56:36,"(-0.1715088, 0.03771973, 0.9927979)",9.847583,4.556237,88.95696,-2.33526
09:56:37,"(-0.1726074, 0.03930664, 0.9918213)",9.763472,4.556237,88.95696,-2.213794
09:56:38,"(-0.1723633, 0.03649902, 0.9934082)",9.78646,4.556237,88.95696,-2.202105
09:56:39,"(-0.1708984, 0.0369873, 0.9932861)",9.796554,4.556237,88.95696,-2.392464
09:56:40,"(-0.1722412, 0.03857422, 0.9875488)",9.893601,4.556237,88.95696,-2.203636
09:56:41,"(-0.1699219, 0.03759766, 0.9875488)",9.762958,4.556237,88.95696,-2.15107
09:56:42,"(-0.1721191, 0.03894043, 0.9938965)",9.824819,4.561255,89.45872,-2.16792
09:56:44,"(-0.173584, 0.03771973, 0.9985352)",9.902456,4.561255,89.45872,-2.282699
09:56:45,"(-0.173584, 0.04125977, 0.9842529)",9.97433,4.566273,89.96055,-2.364187
09:56:46,"(-0.1677246, 0.03588867, 0.9936523)",9.813518,4.561255,89.45872,-2.038265
09:56:47,"(-0.1708984, 0.03759766, 0.9864502)",9.8287,4.561255,89.45872,-2.150713
09:56:48,"(-0.1728516, 0.03881836, 0.9915771)",9.888428,4.551219,88.45518,-2.234761
09:56:49,"(-0.1729736, 0.03808594, 0.989502)",9.915615,4.561255,89.45872,-2.188202
09:56:50,"(-0.1730957, 0.03820801, 0.9954834)",9.864027,4.566273,89.96055,-2.348514
09:56:51,"(-0.1711426, 0.03930664, 0.9916992)",9.791381,4.561255,89.45872,-2.341875
09:56:52,"(-0.1710205, 0.03820801, 0.9914551)",9.750398,4.566273,89.96055,-2.26981
09:56:53,"(-0.1716309, 0.03674316, 0.9924316)",9.734087,4.561255,89.45872,-2.149396
09:56:54,"(-0.1711426, 0.03808594, 0.9919434)",9.821296,4.561255,89.45872,-2.00018
09:56:55,"(-0.1715088, 0.03942871, 0.9929199)",9.797735,4.556237,88.95696,-2.164285
09:56:56,"(-0.1712646, 0.03674316, 0.9891357)",9.73837,4.561255,89.45872,-2.068397
09:56:57,"(-0.1688232, 0.03845215, 0.9940186)",9.757133,4.561255,89.45872,-2.118978
09:56:58,"(-0.1682129, 0.03601074, 0.9897461)",9.755427,4.561255,89.45872,-2.262251
09:56:59,"(-0.1665039, 0.03649902, 0.9906006)",9.541305,4.566273,89.96055,-2.080963
09:57:00,"(-0.1699219, 0.03479004, 0.9916992)",9.722879,4.566273,89.96055,-2.12411
09:57:02,"(-0.1697998, 0.03820801, 0.9938965)",9.759627,4.561255,89.45872,-2.225707
09:57:03,"(-0.1746826, 0.03759766, 0.9940186)",9.770063,4.566273,89.96055,-2.10147
09:57:04,"(-0.168457, 0.04101563, 0.9980469)",9.914005,4.566273,89.96055,-2.318194
09:57:05,"(-0.1689453, 0.03857422, 0.991333)",9.671563,4.566273,89.96055,-2.196698
09:57:06,"(-0.1727295, 0.03869629, 0.9958496)",9.840018,4.561255,89.45872,-2.161368
09:57:07,"(-0.1690674, 0.03796387, 0.9910889)",9.680758,4.556237,88.95696,-2.15275
09:57:08,"(-0.1717529, 0.03723145, 0.9898682)",9.883135,4.561255,89.45872,-2.27253
09:57:09,"(-0.1719971, 0.0402832, 0.9903564)",9.856602,4.551219,88.45518,-2.210048
09:57:10,"(-0.1694336, 0.03833008, 0.9914551)",9.673277,4.561255,89.45872,-2.176328
09:57:11,"(-0.1697998, 0.0378418, 0.9907227)",9.725423,4.561255,89.45872,-2.144208
09:57:12,"(-0.1723633, 0.03735352, 0.9927979)",9.849156,4.561255,89.45872,-2.212749
09:57:13,"(-0.1722412, 0.03991699, 0.9938965)",9.834754,4.561255,89.45872,-2.187662
09:57:14,"(-0.171875, 0.03857422, 0.9919434)",9.830095,4.561255,89.45872,-2.175519
09:57:15,"(-0.1710205, 0.03710938, 0.9920654)",9.750398,4.546201,87.95336,-2.180565
09:57:16,"(-0.1712646, 0.03771973, 0.9912109)",9.802962,4.566273,89.96055,-2.084535
09:57:17,"(-0.1719971, 0.03710938, 0.9903564)",9.852394,4.546201,87.95336,-2.179326
09:57:18,"(-0.1697998, 0.03723145, 0.9891357)",9.677465,4.561255,89.45872,-2.221092
09:57:20,"(-0.1724854, 0.03759766, 0.9945068)",9.756482,4.561255,89.45872,-2.225108
09:57:21,"(-0.171875, 0.03710938, 0.993042)",9.819431,4.561255,89.45872,-2.308059
09:57:22,"(-0.1719971, 0.0369873, 0.9912109)",9.844068,4.556237,88.95696,-2.209072
09:57:23,"(-0.1707764, 0.03674316, 0.9909668)",9.777916,4.561255,89.45872,-2.180404
09:57:24,"(-0.1726074, 0.03747559, 0.9873047)",9.916622,4.561255,89.45872,-2.127794
09:57:25,"(-0.1696777, 0.03662109, 0.99646)",9.663666,4.566273,89.96055,-2.074901
09:57:26,"(-0.1706543, 0.03857422, 0.9910889)",9.769881,4.57129,90.46233,-2.196594
09:57:27,"(-0.1679688, 0.03955078, 0.9909668)",9.620192,4.576308,90.96411,-2.253429
09:57:28,"(-0.170166, 0.03381348, 0.9936523)",9.731485,4.57129,90.46233,-1.92097
09:57:29,"(-0.1690674, 0.03881836, 0.9915771)",9.676081,4.566273,89.96055,-2.210014
09:57:30,"(-0.1682129, 0.03930664, 0.9969482)",9.577186,4.576308,90.96411,-2.226392
09:57:31,"(-0.1706543, 0.03588867, 0.9956055)",9.726408,4.566273,89.96055,-2.0399
09:57:32,"(-0.1706543, 0.03845215, 0.996582)",9.717058,4.561255,89.45872,-2.108428
09:57:33,"(-0.1690674, 0.03857422, 0.9916992)",9.674912,4.561255,89.45872,-2.251924
09:57:34,"(-0.1707764, 0.0378418, 0.9901123)",9.801597,4.566273,89.96055,-2.285987
09:57:35,"(-0.1699219, 0.03845215, 0.9908447)",9.741699,4.57129,90.46233,-2.151074
09:57:37,"(-0.1699219, 0.03527832, 0.9906006)",9.734633,4.561255,89.45872,-2.142316
09:57:38,"(-0.168457, 0.03979492, 0.9904785)",9.69096,4.561255,89.45872,-2.210188
09:57:39,"(-0.1716309, 0.03918457, 0.9949951)",9.840152,4.561255,89.45872,-2.256207
09:57:40,"(-0.1700439, 0.03491211, 0.9903564)",9.742671,4.566273,89.96055,-2.37841
09:57:41,"(-0.166748, 0.03674316, 0.9907227)",9.502165,4.561255,89.45872,-2.3512
09:57:42,"(-0.1689453, 0.03649902, 0.9920654)",9.698385,4.551219,88.45518,-2.289238
09:57:43,"(-0.1708984, 0.03845215, 0.9946289)",9.622734,4.561255,89.45872,-2.178813
09:57:44,"(-0.1687012, 0.0357666, 0.9946289)",9.716264,4.561255,89.45872,-2.270789
09:57:45,"(-0.1661377, 0.03381348, 0.986084)",9.756515,4.561255,89.45872,-2.110096
09:57:46,"(-0.1691895, 0.03601074, 0.9920654)",9.791138,4.561255,89.45872,-2.200419
09:57:47,"(-0.166748, 0.0345459, 0.9973145)",9.806347,4.561255,89.45872,-2.182235
09:57:48,"(-0.1656494, 0.03503418, 0.9916992)",9.810485,4.561255,89.45872,-2.22082
09:57:49,"(-0.1678467, 0.03894043, 0.9929199)",9.897984,4.561255,89.45872,-2.106532
09:57:50,"(-0.1694336, 0.0369873, 0.994751)",9.618909,4.561255,89.45872,-2.135079
09:57:51,"(-0.1710205, 0.0378418, 0.9927979)",9.773914,4.561255,89.45872,-2.151194
09:57:52,"(-0.1677246, 0.03869629, 0.9868164)",9.646116,4.561255,89.45872,-1.980245
09:57:53,"(-0.1713867, 0.03735352, 0.989624)",9.825237,4.561255,89.45872,-1.893571
09:57:54,"(-0.1713867, 0.03796387, 0.9880371)",9.840711,4.556237,88.95696,-2.015066
09:57:56,"(-0.1691895, 0.03710938, 0.9914551)",9.823249,4.561255,89.45872,-2.215162
09:57:57,"(-0.1688232, 0.03894043, 0.993042)",9.648387,4.566273,89.96055,-2.258266
09:57:58,"(-0.168335, 0.03833008, 0.9910889)",9.639608,4.566273,89.96055,-2.166193
09:57:59,"(-0.1672363, 0.03808594, 0.9907227)",9.879198,4.566273,89.96055,-2.23587
09:58:00,"(-0.1691895, 0.03808594, 0.9915771)",9.645217,4.566273,89.96055,-2.09114
09:58:01,"(-0.1677246, 0.03674316, 0.9929199)",9.587924,4.561255,89.45872,-2.089695
09:58:02,"(-0.1673584, 0.03271484, 0.9864502)",9.628955,4.561255,89.45872,-1.872732
09:58:03,"(-0.1647949, 0.03405762, 0.9892578)",9.457736,4.561255,89.45872,-1.944987
09:58:04,"(-0.1674805, 0.03552246, 0.9938965)",9.564994,4.561255,89.45872,-2.245355
09:58:05,"(-0.1682129, 0.03344727, 0.9886475)",9.65609,4.566273,89.96055,-2.183005
09:58:06,"(-0.1685791, 0.03588867, 0.987793)",9.637021,4.561255,89.45872,-2.137853
09:58:07,"(-0.166748, 0.0357666, 0.9910889)",9.624041,4.561255,89.45872,-2.057208
09:58:08,"(-0.1669922, 0.03771973, 0.9858398)",9.614117,4.561255,89.45872,-2.160409
09:58:09,"(-0.1682129, 0.03796387, 0.9923096)",9.62112,4.561255,89.45872,-2.172107
09:58:10,"(-0.1641846, 0.03613281, 0.9921875)",9.396009,4.561255,89.45872,-1.992036
09:58:11,"(-0.1697998, 0.03735352, 0.9890137)",9.741906,4.566273,89.96055,-2.08857
09:58:13,"(-0.1687012, 0.03674316, 0.9882813)",9.696856,4.57129,90.46233,-1.950352
09:58:14,"(-0.1678467, 0.03955078, 0.9912109)",9.627542,4.566273,89.96055,-2.050978
09:58:15,"(-0.1655273, 0.03869629, 0.9919434)",9.658872,4.566273,89.96055,-2.160726
09:58:16,"(-0.1661377, 0.03344727, 0.9868164)",9.556541,4.566273,89.96055,-1.914326
09:58:17,"(-0.1697998, 0.03479004, 0.9875488)",9.756079,4.566273,89.96055,-2.15637
09:58:18,"(-0.1654053, 0.03771973, 0.9910889)",9.474909,4.566273,89.96055,-2.256062
09:58:19,"(-0.1680908, 0.03588867, 0.9902344)",9.664434,4.566273,89.96055,-2.248276
09:58:20,"(-0.1700439, 0.04089355, 0.9945068)",9.702786,4.561255,89.45872,-2.320998
09:58:21,"(-0.1693115, 0.03833008, 0.9962158)",9.64552,4.566273,89.96055,-2.172288
09:58:22,"(-0.170166, 0.03918457, 0.9899902)",9.753068,4.561255,89.45872,-2.236041
09:58:23,"(-0.1674805, 0.03930664, 0.9918213)",9.584636,4.561255,89.45872,-1.978071
09:58:24,"(-0.1682129, 0.03820801, 0.9907227)",9.636243,4.561255,89.45872,-2.03668
09:58:25,"(-0.1693115, 0.03771973, 0.9897461)",9.708549,4.561255,89.45872,-1.95003
09:58:26,"(-0.1673584, 0.03820801, 0.9909668)",9.361996,4.566273,89.96055,-1.920225
09:58:27,"(-0.1674805, 0.04003906, 0.9957275)",9.766175,4.561255,89.45872,-2.14492
09:58:28,"(-0.1679688, 0.03491211, 0.987915)",9.477245,4.566273,89.96055,-1.996342
09:58:29,"(-0.1685791, 0.03674316, 0.9998779)",9.570048,4.561255,89.45872,-2.075275
09:58:31,"(-0.1658936, 0.03479004, 0.9893799)",9.518484,4.566273,89.96055,-2.235732
09:58:32,"(-0.1669922, 0.03503418, 0.9940186)",9.564141,4.561255,89.45872,-2.217518
09:58:33,"(-0.1682129, 0.03405762, 0.9887695)",9.696161,4.561255,89.45872,-2.097786
09:58:34,"(-0.1674805, 0.03942871, 0.9909668)",9.592747,4.566273,89.96055,-2.246663
09:58:35,"(-0.1646729, 0.0369873, 0.9920654)",9.42459,4.57129,90.46233,-2.015651
09:58:36,"(-0.1660156, 0.03930664, 0.9908447)",9.511535,4.566273,89.96055,-2.062199
09:58:37,"(-0.1688232, 0.03796387, 0.9887695)",9.689289,4.566273,89.96055,-1.981385
09:58:38,"(-0.1693115, 0.03771973, 0.989502)",9.643201,4.566273,89.96055,-1.965002
09:58:39,"(-0.1694336, 0.03674316, 0.9946289)",9.63022,4.556237,88.95696,-1.965901
09:58:40,"(-0.1674805, 0.03869629, 0.9926758)",9.576538,4.561255,89.45872,-2.201284
09:58:41,"(-0.1647949, 0.03588867, 0.9924316)",9.428033,4.561255,89.45872,-2.16559
09:58:42,"(-0.1674805, 0.03662109, 0.9914551)",9.588111,4.561255,89.45872,-2.211218
09:58:43,"(-0.1669922, 0.03479004, 0.9912109)",9.706471,4.561255,89.45872,-2.108727
09:58:45,"(-0.1685791, 0.03710938, 0.9892578)",9.670856,4.566273,89.96055,-2.126148
09:58:46,"(-0.1677246, 0.03796387, 0.9890137)",9.600667,4.566273,89.96055,-2.02274
09:58:47,"(-0.1706543, 0.04040527, 0.9920654)",9.71251,4.57129,90.46233,-2.01438
09:58:48,"(-0.1647949, 0.03710938, 0.9903564)",9.447433,4.566273,89.96055,-2.114804
09:58:49,"(-0.1682129, 0.03442383, 0.9890137)",9.652581,4.566273,89.96055,-2.210945
09:58:50,"(-0.1700439, 0.03503418, 0.9904785)",9.561756,4.561255,89.45872,-2.168022
09:58:51,"(-0.1697998, 0.03686523, 0.9942627)",9.691453,4.566273,89.96055,-2.09316
09:58:52,"(-0.1721191, 0.03845215, 0.9890137)",9.872372,4.561255,89.45872,-2.018018
09:58:53,"(-0.1690674, 0.03845215, 0.9881592)",9.683098,4.566273,89.96055,-2.162698
09:58:54,"(-0.1619873, 0.03637695, 0.9906006)",9.664856,4.566273,89.96055,-2.073254
09:58:55,"(-0.1671143, 0.03759766, 0.9914551)",9.567533,4.57129,90.46233,-2.344513
09:58:56,"(-0.1679688, 0.03601074, 0.991333)",9.599305,4.566273,89.96055,-2.19934
09:58:57,"(-0.1644287, 0.0369873, 0.9844971)",9.481905,4.566273,89.96055,-2.038469
09:58:58,"(-0.1682129, 0.03686523, 0.9885254)",9.633914,4.561255,89.45872,-1.990086
09:58:59,"(-0.1679688, 0.03845215, 0.9936523)",9.449759,4.566273,89.96055,-2.007019
09:59:00,"(-0.166626, 0.03625488, 0.9875488)",9.577131,4.561255,89.45872,-2.07322
09:59:01,"(-0.1661377, 0.03845215, 0.9952393)",9.477137,4.566273,89.96055,-2.110674
09:59:03,"(-0.1640625, 0.03869629, 0.9916992)",9.497777,4.57129,90.46233,-2.176442
09:59:04,"(-0.1685791, 0.03894043, 0.9935303)",9.63005,4.566273,89.96055,-2.212905
09:59:05,"(-0.1661377, 0.03674316, 0.9884033)",9.54148,4.566273,89.96055,-2.098509
09:59:06,"(-0.1674805, 0.03723145, 0.9945068)",9.559232,4.566273,89.96055,-2.114243
09:59:07,"(-0.1671143, 0.0357666, 0.989502)",9.586067,4.566273,89.96055,-2.314949
09:59:08,"(-0.1694336, 0.03564453, 0.9926758)",9.622519,4.566273,89.96055,-2.233119
09:59:09,"(-0.1668701, 0.03759766, 0.9844971)",9.620078,4.57129,90.46233,-1.956724
09:59:10,"(-0.1673584, 0.03955078, 0.9942627)",9.530077,4.57129,90.46233,-1.92027
09:59:11,"(-0.1657715, 0.03808594, 0.9995117)",9.641516,4.576308,90.96411,-2.151379
09:59:12,"(-0.1658936, 0.03637695, 0.989624)",9.516178,4.566273,89.96055,-2.032467
09:59:13,"(-0.1679688, 0.03430176, 0.9916992)",9.518609,4.566273,89.96055,-2.255757
09:59:14,"(-0.1660156, 0.03930664, 0.9946289)",9.476005,4.566273,89.96055,-2.061295
09:59:15,"(-0.1657715, 0.03869629, 0.9908447)",9.619146,4.561255,89.45872,-2.018413
09:59:16,"(-0.1679688, 0.03369141, 0.9892578)",9.6365,4.566273,89.96055,-2.344026
09:59:17,"(-0.1660156, 0.03552246, 0.9892578)",9.684105,4.566273,89.96055,-2.42545
09:59:19,"(-0.1656494, 0.03710938, 0.9871826)",9.5255,4.566273,89.96055,-2.111223
09:59:20,"(-0.166626, 0.04003906, 0.9921875)",9.609737,4.566273,89.96055,-2.091359
09:59:21,"(-0.1651611, 0.03613281, 0.9926758)",9.446325,4.566273,89.96055,-2.278232
09:59:22,"(-0.1669922, 0.03747559, 0.9864502)",9.479432,4.57129,90.46233,-2.212254
09:59:23,"(-0.1676025, 0.03930664, 0.9916992)",9.59265,4.566273,89.96055,-1.954493
09:59:24,"(-0.166748, 0.04125977, 0.9945068)",9.536362,4.57129,90.46233,-1.960072
09:59:25,"(-0.1672363, 0.03503418, 0.9910889)",9.577865,4.561255,89.45872,-2.005436
09:59:26,"(-0.1660156, 0.0357666, 0.9923096)",9.529976,4.561255,89.45872,-2.050002
09:59:27,"(-0.1621094, 0.03625488, 0.9957275)",9.56822,4.566273,89.96055,-2.284503
09:59:28,"(-0.163208, 0.04125977, 0.9936523)",9.32758,4.561255,89.45872,-1.977125
09:59:29,"(-0.168457, 0.03942871, 0.9903564)",9.642972,4.566273,89.96055,-2.05883
09:59:30,"(-0.1650391, 0.03723145, 0.9926758)",9.651879,4.57129,90.46233,-2.082877
09:59:31,"(-0.1682129, 0.03710938, 0.993042)",9.614157,4.566273,89.96055,-2.228909
09:59:32,"(-0.1663818, 0.03601074, 0.9903564)",9.572828,4.57129,90.46233,-2.327102
09:59:34,"(-0.1677246, 0.03869629, 0.9904785)",9.611117,4.561255,89.45872,-1.983886
09:59:35,"(-0.1656494, 0.03967285, 0.989624)",9.629328,4.561255,89.45872,-2.072839
09:59:36,"(-0.1657715, 0.03710938, 0.9942627)",9.536082,4.566273,89.96055,-2.053175
09:59:37,"(-0.1661377, 0.03527832, 0.9898682)",9.527619,4.57129,90.46233,-2.012992
09:59:38,"(-0.1674805, 0.03540039, 0.991333)",9.58927,4.566273,89.96055,-2.047913
09:59:39,"(-0.1656494, 0.03393555, 0.9915771)",9.479469,4.566273,89.96055,-2.237934
09:59:40,"(-0.1647949, 0.03747559, 0.9864502)",9.311637,4.566273,89.96055,-2.146999
09:59:41,"(-0.1676025, 0.03833008, 0.9938965)",9.571836,4.566273,89.96055,-2.183818
09:59:42,"(-0.164917, 0.03759766, 0.9886475)",9.470352,4.566273,89.96055,-2.123158
09:59:43,"(-0.166748, 0.03869629, 0.9897461)",9.697336,4.566273,89.96055,-2.028395
09:59:44,"(-0.1654053, 0.03649902, 0.9959717)",9.429295,4.566273,89.96055,-2.070427
09:59:45,"(-0.1644287, 0.03393555, 0.9893799)",9.569401,4.57129,90.46233,-2.114145
09:59:46,"(-0.1651611, 0.03540039, 0.9951172)",9.423566,4.566273,89.96055,-2.009914
09:59:47,"(-0.1691895, 0.0357666, 0.9908447)",9.689957,4.566273,89.96055,-2.209815
09:59:48,"(-0.1650391, 0.03552246, 0.9914551)",9.490809,4.566273,89.96055,-2.099267
09:59:50,"(-0.1668701, 0.03723145, 0.9859619)",9.606051,4.57129,90.46233,-2.132255
09:59:51,"(-0.1635742, 0.03564453, 0.9942627)",9.342504,4.566273,89.96055,-1.882656
09:59:52,"(-0.1665039, 0.03674316, 0.994751)",9.375422,4.566273,89.96055,-1.898027
09:59:53,"(-0.1643066, 0.03503418, 0.9876709)",9.445096,4.566273,89.96055,-2.003998
09:59:54,"(-0.1645508, 0.0369873, 0.9918213)",9.420006,4.566273,89.96055,-1.905933
09:59:55,"(-0.1657715, 0.03491211, 0.9849854)",9.485099,4.566273,89.96055,-2.021916
09:59:56,"(-0.1657715, 0.03295898, 0.9875488)",9.52892,4.566273,89.96055,-1.87457
09:59:57,"(-0.1657715, 0.0345459, 0.9910889)",9.454347,4.57129,90.46233,-2.05712
09:59:58,"(-0.1645508, 0.03491211, 0.9854736)",9.479585,4.566273,89.96055,-2.00127
09:59:59,"(-0.1665039, 0.0345459, 0.9892578)",9.554017,4.566273,89.96055,-2.080939
10:00:00,"(-0.1643066, 0.03967285, 0.989502)",9.379069,4.561255,89.45872,-2.016877
10:00:01,"(-0.1624756, 0.03735352, 0.9875488)",9.53581,4.561255,89.45872,-2.04557
10:00:02,"(-0.1647949, 0.03491211, 0.9874268)",9.474957,4.566273,89.96055,-1.959624
10:00:03,"(-0.1654053, 0.03417969, 0.9920654)",9.448627,4.566273,89.96055,-2.074753
10:00:04,"(-0.1685791, 0.03796387, 0.9871826)",9.497934,4.57129,90.46233,-2.172165
10:00:05,"(-0.1690674, 0.03527832, 0.9921875)",9.670241,4.57129,90.46233,-2.014665
10:00:07,"(-0.1638184, 0.03710938, 0.9868164)",9.379958,4.57129,90.46233,-2.127813
10:00:08,"(-0.1702881, 0.0345459, 0.9914551)",9.512649,4.566273,89.96055,-2.127982
10:00:09,"(-0.1619873, 0.03161621, 0.9908447)",9.284808,4.566273,89.96055,-1.794626
10:00:10,"(-0.1645508, 0.03735352, 0.9940186)",9.478372,4.561255,89.45872,-2.084169
10:00:11,"(-0.1645508, 0.03540039, 0.9934082)",9.405227,4.566273,89.96055,-2.013476
10:00:12,"(-0.1663818, 0.03747559, 0.994873)",9.494239,4.566273,89.96055,-2.060436
10:00:13,"(-0.1674805, 0.03601074, 0.9934082)",9.483926,4.57129,90.46233,-2.039431
10:00:14,"(-0.1652832, 0.03466797, 0.9901123)",9.477212,4.57129,90.46233,-1.977997
10:00:15,"(-0.1657715, 0.03540039, 0.996582)",9.444112,4.57129,90.46233,-2.066192
10:00:16,"(-0.1689453, 0.03613281, 0.9973145)",9.346483,4.566273,89.96055,-2.119791
10:00:17,"(-0.1657715, 0.03759766, 0.9952393)",9.456623,4.566273,89.96055,-1.996322
10:00:18,"(-0.1655273, 0.03747559, 0.9903564)",9.355888,4.566273,89.96055,-2.205677
10:00:19,"(-0.1671143, 0.03491211, 0.9969482)",9.515783,4.566273,89.96055,-1.978045
10:00:20,"(-0.1658936, 0.03515625, 0.9924316)",9.478301,4.566273,89.96055,-2.067778
10:00:21,"(-0.1643066, 0.03845215, 0.9919434)",9.44048,4.566273,89.96055,-2.075842
10:00:23,"(-0.1646729, 0.03637695, 0.9902344)",9.441704,4.57129,90.46233,-2.012349
10:00:24,"(-0.1654053, 0.03686523, 0.9921875)",9.406238,4.566273,89.96055,-2.011225
10:00:25,"(-0.1617432, 0.03881836, 0.9946289)",9.400735,4.566273,89.96055,-2.059534
10:00:26,"(-0.1607666, 0.0369873, 0.9916992)",9.208241,4.551219,88.45518,-2.106697
10:00:27,"(-0.1638184, 0.0357666, 0.9873047)",9.420961,4.566273,89.96055,-2.073638
10:00:28,"(-0.1647949, 0.03686523, 0.989502)",9.371959,4.566273,89.96055,-2.190595
10:00:29,"(-0.1644287, 0.03894043, 0.9949951)",9.383652,4.561255,89.45872,-2.112773
10:00:30,"(-0.1655273, 0.03466797, 0.9902344)",9.333961,4.57129,90.46233,-2.020836
10:00:31,"(-0.1650391, 0.03417969, 0.9901123)",9.463468,4.57129,90.46233,-1.950237
10:00:32,"(-0.1647949, 0.03515625, 0.9924316)",9.428033,4.566273,89.96055,-1.974361
10:00:33,"(-0.1628418, 0.03881836, 0.9942627)",9.301405,4.566273,89.96055,-2.206459
10:00:34,"(-0.1623535, 0.03540039, 0.9907227)",9.351199,4.566273,89.96055,-1.99215
10:00:35,"(-0.1660156, 0.03649902, 0.9949951)",9.47258,4.566273,89.96055,-2.072196
10:00:36,"(-0.163208, 0.03540039, 0.9924316)",9.369419,4.576308,90.96411,-2.035824
10:00:38,"(-0.1713867, 0.03955078, 0.9908447)",9.81337,4.57129,90.46233,-2.252407
10:00:39,"(-0.1629639, 0.03369141, 0.9776611)",9.251339,4.57129,90.46233,-1.808109
10:00:40,"(-0.1619873, 0.03723145, 0.9925537)",9.344584,4.566273,89.96055,-2.11972
10:00:41,"(-0.1634521, 0.03808594, 0.9973145)",9.307588,4.566273,89.96055,-2.059529
10:00:42,"(-0.1656494, 0.03991699, 0.9984131)",9.623952,4.561255,89.45872,-2.154907
10:00:43,"(-0.1679688, 0.0369873, 0.986084)",9.666933,4.57129,90.46233,-2.117642
10:00:44,"(-0.1645508, 0.03649902, 0.9926758)",9.424562,4.57129,90.46233,-2.240299
10:00:45,"(-0.1658936, 0.03723145, 0.9942627)",9.486275,4.566273,89.96055,-2.115213
10:00:46,"(-0.1677246, 0.0369873, 0.993042)",9.586768,4.566273,89.96055,-2.029412
10:00:47,"(-0.1627197, 0.03771973, 0.9927979)",9.448536,4.566273,89.96055,-2.067533
10:00:48,"(-0.1658936, 0.03588867, 0.9954834)",9.461183,4.566273,89.96055,-2.05686
10:00:49,"(-0.1612549, 0.03613281, 0.9825439)",9.135154,4.566273,89.96055,-1.898613
10:00:50,"(-0.1663818, 0.03662109, 0.987915)",9.559879,4.566273,89.96055,-2.093474
10:00:51,"(-0.1655273, 0.03405762, 0.993042)",9.463464,4.566273,89.96055,-2.084341
10:00:52,"(-0.1662598, 0.03674316, 0.9912109)",9.727578,4.57129,90.46233,-2.002132
10:00:54,"(-0.1625977, 0.03344727, 0.9807129)",9.413743,4.57129,90.46233,-1.904209
10:00:55,"(-0.1640625, 0.03515625, 0.989502)",9.308254,4.57129,90.46233,-2.095503
10:00:56,"(-0.1660156, 0.03662109, 0.9916992)",9.331894,4.57129,90.46233,-2.086872
10:00:57,"(-0.1652832, 0.03613281, 0.9914551)",9.46461,4.566273,89.96055,-1.981665
10:00:58,"(-0.1628418, 0.03674316, 0.9906006)",9.673511,4.566273,89.96055,-2.086574
10:00:59,"(-0.1665039, 0.03747559, 0.9986572)",9.465729,4.57129,90.46233,-2.079025
10:01:00,"(-0.1623535, 0.03466797, 0.993042)",9.610243,4.57129,90.46233,-1.909573
10:01:01,"(-0.1629639, 0.04064941, 0.9858398)",9.386374,4.57129,90.46233,-2.329577
10:01:02,"(-0.1660156, 0.03686523, 0.9992676)",9.432809,4.57129,90.46233,-2.1182
10:01:03,"(-0.1663818, 0.03613281, 0.9924316)",9.493073,4.566273,89.96055,-1.97368
10:01:04,"(-0.1661377, 0.0378418, 0.9931641)",9.496578,4.566273,89.96055,-2.152167
10:01:05,"(-0.1678467, 0.03625488, 0.9925537)",9.598248,4.566273,89.96055,-2.019143
10:01:06,"(-0.1669922, 0.03588867, 0.9929199)",9.554969,4.561255,89.45872,-1.995961
10:01:07,"(-0.1651611, 0.03540039, 0.9833984)",9.533813,4.566273,89.96055,-2.033193
10:01:08,"(-0.1669922, 0.03649902, 0.9908447)",9.566454,4.566273,89.96055,-2.075558
10:01:09,"(-0.1633301, 0.03710938, 0.9880371)",9.4209,4.57129,90.46233,-2.035818
10:01:11,"(-0.1652832, 0.03759766, 0.9907227)",9.47148,4.57129,90.46233,-2.105791
10:01:12,"(-0.1639404, 0.03686523, 0.9940186)",9.441795,4.57129,90.46233,-2.093926
10:01:13,"(-0.1668701, 0.03808594, 0.9946289)",9.523888,4.566273,89.96055,-2.05152
10:01:14,"(-0.1646729, 0.03540039, 0.9952393)",9.423537,4.566273,89.96055,-1.990603
10:01:15,"(-0.1638184, 0.03662109, 0.9881592)",9.412961,4.57129,90.46233,-1.92401
10:01:16,"(-0.166748, 0.0357666, 0.9866943)",9.592163,4.576308,90.96411,-2.047001
10:01:17,"(-0.1646729, 0.03479004, 0.9903564)",9.431428,4.57129,90.46233,-2.045461
10:01:18,"(-0.1673584, 0.03662109, 0.9892578)",9.602138,4.566273,89.96055,-2.090374
10:01:19,"(-0.1646729, 0.03588867, 0.9903564)",9.440561,4.566273,89.96055,-2.114161
10:01:20,"(-0.1644287, 0.03686523, 0.9946289)",9.387045,4.57129,90.46233,-2.094258
10:01:21,"(-0.1635742, 0.03649902, 0.9927979)",9.464613,4.57129,90.46233,-1.992233
10:01:22,"(-0.1661377, 0.03601074, 0.9959717)",9.470293,4.57129,90.46233,-2.049737
10:01:23,"(-0.1640625, 0.03540039, 0.9915771)",9.394824,4.566273,89.96055,-2.017251
10:01:25,"(-0.1602783, 0.03674316, 0.9903564)",9.189644,4.566273,89.96055,-2.039731
10:01:26,"(-0.1629639, 0.03723145, 0.9885254)",9.361326,4.57129,90.46233,-2.128247
10:01:27,"(-0.1643066, 0.03381348, 0.989624)",9.42679,4.57129,90.46233,-2.125697
10:01:28,"(-0.1689453, 0.03735352, 0.9919434)",9.665725,4.576308,90.96411,-2.125977
10:01:29,"(-0.1628418, 0.03552246, 0.989502)",9.365798,4.566273,89.96055,-2.082399
10:01:30,"(-0.1635742, 0.03601074, 0.9865723)",9.41403,4.566273,89.96055,-2.062289
10:01:31,"(-0.1638184, 0.03649902, 0.9920654)",9.382227,4.566273,89.96055,-2.09453
10:01:32,"(-0.166748, 0.03710938, 0.994873)",9.514755,4.576308,90.96411,-2.106817
10:01:33,"(-0.1624756, 0.03466797, 0.9926758)",9.295428,4.561255,89.45872,-2.12573
10:01:34,"(-0.1630859, 0.03735352, 0.9919434)",9.145742,4.57129,90.46233,-1.959663
10:01:35,"(-0.1650391, 0.03723145, 0.9938965)",9.428083,4.57129,90.46233,-2.068462
10:01:36,"(-0.1628418, 0.0378418, 0.9926758)",9.4646,4.57129,90.46233,-2.022036
10:01:37,"(-0.1623535, 0.03527832, 0.9855957)",9.319569,4.566273,89.96055,-2.022929
10:01:38,"(-0.1634521, 0.03649902, 0.9849854)",9.422016,4.566273,89.96055,-2.089486
10:01:39,"(-0.161377, 0.03588867, 0.9901123)",9.438365,4.57129,90.46233,-2.129367
10:01:41,"(-0.1599121, 0.03808594, 0.987793)",9.195736,4.57129,90.46233,-2.179687
10:01:42,"(-0.1638184, 0.03808594, 0.9934082)",9.376556,4.57129,90.46233,-2.016881
10:01:43,"(-0.1619873, 0.03686523, 0.9898682)",9.293808,4.57129,90.46233,-2.104884
10:01:44,"(-0.1617432, 0.03649902, 0.989502)",9.283421,4.57129,90.46233,-1.99561
10:01:45,"(-0.1645508, 0.03588867, 0.9902344)",9.354116,4.57129,90.46233,-1.931811
10:01:46,"(-0.1674805, 0.03662109, 0.9924316)",9.578851,4.57129,90.46233,-2.08362
10:01:47,"(-0.1634521, 0.03649902, 0.9908447)",9.478432,4.57129,90.46233,-1.994038
10:01:48,"(-0.1623535, 0.03344727, 0.987915)",9.332542,4.57129,90.46233,-2.031679
10:01:49,"(-0.1627197, 0.0357666, 0.9888916)",9.350704,4.57129,90.46233,-2.021997
10:01:50,"(-0.1617432, 0.0369873, 0.9864502)",9.311637,4.57129,90.46233,-1.981816
10:01:51,"(-0.1635742, 0.03552246, 0.9898682)",9.232716,4.566273,89.96055,-2.021162
10:01:52,"(-0.1604004, 0.03967285, 0.9956055)",9.152186,4.566273,89.96055,-2.252893
10:01:53,"(-0.1616211, 0.0357666, 0.9901123)",9.385914,4.566273,89.96055,-2.066297
10:01:54,"(-0.1645508, 0.03527832, 0.9882813)",9.45314,4.57129,90.46233,-2.016659
10:01:55,"(-0.1640625, 0.03515625, 0.9937744)",9.360867,4.57129,90.46233,-2.121081
10:01:56,"(-0.1624756, 0.03466797, 0.9866943)",9.198893,4.57129,90.46233,-2.10523
10:01:58,"(-0.1602783, 0.0357666, 0.9906006)",9.190758,4.57129,90.46233,-1.973145
10:01:59,"(-0.1616211, 0.03564453, 0.9855957)",9.257366,4.576308,90.96411,-1.960329
10:02:00,"(-0.1624756, 0.03613281, 0.9876709)",9.341703,4.57129,90.46233,-2.084252
10:02:01,"(-0.163208, 0.03442383, 0.9912109)",9.050599,4.57129,90.46233,-1.973431
10:02:02,"(-0.1610107, 0.03515625, 0.9953613)",9.27763,4.57129,90.46233,-1.996411
10:02:03,"(-0.1625977, 0.03479004, 0.9863281)",9.361101,4.57129,90.46233,-2.200508
10:02:04,"(-0.1611328, 0.03686523, 0.9909668)",9.273729,4.576308,90.96411,-2.095908
10:02:05,"(-0.1618652, 0.03771973, 0.9898682)",9.495554,4.576308,90.96411,-1.944054
10:02:06,"(-0.1647949, 0.03771973, 0.9899902)",9.450865,4.57129,90.46233,-2.152389
10:02:07,"(-0.1644287, 0.03637695, 0.9937744)",9.394973,4.57129,90.46233,-2.077253
10:02:08,"(-0.1633301, 0.03735352, 0.9865723)",9.314889,4.57129,90.46233,-2.112437
10:02:09,"(-0.161377, 0.03723145, 0.9884033)",9.272882,4.57129,90.46233,-2.070187
10:02:10,"(-0.1586914, 0.0357666, 0.9847412)",9.244503,4.57129,90.46233,-2.095128
10:02:11,"(-0.1650391, 0.03649902, 0.991333)",9.452024,4.57129,90.46233,-2.042172
10:02:13,"(-0.1623535, 0.03735352, 0.991333)",9.300929,4.57129,90.46233,-2.129546
10:02:14,"(-0.1638184, 0.03649902, 0.9924316)",9.384496,4.566273,89.96055,-2.122847
10:02:15,"(-0.1623535, 0.03808594, 0.9904785)",9.308812,4.566273,89.96055,-2.173084
10:02:16,"(-0.1630859, 0.03857422, 0.993042)",9.417828,4.566273,89.96055,-2.254224
10:02:17,"(-0.1623535, 0.03442383, 0.9909668)",9.304306,4.576308,90.96411,-2.037857
10:02:18,"(-0.1688232, 0.03747559, 0.9976807)",9.604364,4.576308,90.96411,-2.121048
10:02:19,"(-0.1634521, 0.03503418, 0.987793)",9.376683,4.566273,89.96055,-2.041142
10:02:20,"(-0.1617432, 0.03601074, 0.9915771)",9.330922,4.57129,90.46233,-2.137017
10:02:21,"(-0.1605225, 0.03417969, 0.9863281)",9.243703,4.576308,90.96411,-2.045234
10:02:22,"(-0.1625977, 0.03466797, 0.9902344)",9.324823,4.566273,89.96055,-1.978623
10:02:23,"(-0.1650391, 0.03747559, 0.994751)",9.471374,4.57129,90.46233,-2.063698
10:02:24,"(-0.1617432, 0.03674316, 0.9874268)",9.337076,4.57129,90.46233,-2.102843
10:02:25,"(-0.1608887, 0.03466797, 0.9920654)",9.211769,4.57129,90.46233,-1.985839
10:02:26,"(-0.1630859, 0.03588867, 0.9960938)",9.298282,4.566273,89.96055,-1.975031
10:02:28,"(-0.1634521, 0.03515625, 0.9907227)",9.368423,4.57129,90.46233,-1.989369
10:02:29,"(-0.1618652, 0.03491211, 0.9875488)",9.286193,4.57129,90.46233,-2.211165
10:02:30,"(-0.1652832, 0.03601074, 0.9884033)",9.445107,4.57129,90.46233,-2.058286
10:02:31,"(-0.1629639, 0.03735352, 0.9892578)",9.354517,4.57129,90.46233,-2.129847
10:02:32,"(-0.1644287, 0.03601074, 0.989502)",9.434811,4.566273,89.96055,-2.160067
10:02:33,"(-0.1606445, 0.03674316, 0.9907227)",9.628095,4.566273,89.96055,-2.078384
10:02:34,"(-0.1655273, 0.03503418, 0.9993896)",9.404433,4.57129,90.46233,-1.980751
10:02:35,"(-0.164917, 0.03857422, 0.9926758)",9.432612,4.566273,89.96055,-1.972888
10:02:36,"(-0.1661377, 0.03747559, 0.9925537)",9.331118,4.566273,89.96055,-2.022361
10:02:37,"(-0.1644287, 0.03869629, 0.9935303)",9.39724,4.57129,90.46233,-2.200541
10:02:38,"(-0.1629639, 0.03503418, 0.9893799)",9.452002,4.57129,90.46233,-2.161204
10:02:39,"(-0.1646729, 0.03894043, 0.9838867)",9.501511,4.57129,90.46233,-2.235417
10:02:40,"(-0.1617432, 0.03588867, 0.9969482)",9.215275,4.57129,90.46233,-2.146789
10:02:41,"(-0.161499, 0.03833008, 0.9897461)",9.26052,4.566273,89.96055,-2.105343
10:02:42,"(-0.161377, 0.03710938, 0.9919434)",9.240362,4.57129,90.46233,-1.996421
10:02:43,"(-0.1629639, 0.03833008, 0.9868164)",9.142513,4.57129,90.46233,-2.098315
10:02:45,"(-0.1633301, 0.03613281, 0.9892578)",9.375167,4.57129,90.46233,-1.994373
10:02:46,"(-0.1624756, 0.03381348, 0.9837646)",9.391981,4.576308,90.96411,-1.942199
10:02:47,"(-0.1635742, 0.03552246, 0.9938965)",9.294307,4.57129,90.46233,-2.147275
10:02:48,"(-0.1640625, 0.03674316, 0.9943848)",9.368769,4.566273,89.96055,-2.144477
10:02:49,"(-0.1618652, 0.03686523, 0.9935303)",9.253289,4.566273,89.96055,-2.003958
10:02:50,"(-0.1624756, 0.03625488, 0.9906006)",9.314561,4.576308,90.96411,-2.102229
10:02:51,"(-0.1636963, 0.03601074, 0.9929199)",9.348345,4.566273,89.96055,-2.050988
10:02:52,"(-0.1625977, 0.0345459, 0.9924316)",9.414315,4.57129,90.46233,-2.091782
10:02:53,"(-0.1604004, 0.03759766, 0.993042)",9.175411,4.57129,90.46233,-2.019545
10:02:54,"(-0.161377, 0.03479004, 0.9906006)",9.374484,4.57129,90.46233,-2.226241
10:02:55,"(-0.1636963, 0.03747559, 0.9899902)",9.388985,4.566273,89.96055,-2.138853
10:02:56,"(-0.1636963, 0.03686523, 0.9929199)",9.409496,4.57129,90.46233,-2.081152
10:02:57,"(-0.1645508, 0.03466797, 0.9937744)",9.401823,4.57129,90.46233,-1.971144
10:02:58,"(-0.1706543, 0.03503418, 1.018921)",9.933035,4.57129,90.46233,-2.30681
10:02:59,"(-0.1651611, 0.0369873, 0.989624)",9.474929,4.57129,90.46233,-2.111266
10:03:01,"(-0.163208, 0.03796387, 0.9899902)",9.102622,4.57129,90.46233,-2.131403
10:03:02,"(-0.1621094, 0.03759766, 0.9929199)",9.272601,4.566273,89.96055,-2.049996
10:03:03,"(-0.1627197, 0.03588867, 0.9934082)",9.26574,4.57129,90.46233,-2.029158
10:03:04,"(-0.1705322, 0.02941895, 0.9989014)",9.688123,4.57129,90.46233,-2.080754
10:03:05,"(-0.1606445, 0.03479004, 0.9830322)",9.281087,4.57129,90.46233,-2.00037
10:03:06,"(-0.1643066, 0.03405762, 1.007446)",9.361476,4.57129,90.46233,-2.11814
10:03:07,"(-0.1625977, 0.03747559, 0.9899902)",9.327082,4.57129,90.46233,-2.040592
10:03:08,"(-0.1573486, 0.03393555, 0.987793)",9.050782,4.57129,90.46233,-1.943139
10:03:09,"(-0.1628418, 0.03625488, 0.9912109)",9.339215,4.57129,90.46233,-2.155322
10:03:10,"(-0.1634521, 0.03759766, 0.9938965)",9.339034,4.57129,90.46233,-2.165223
10:03:11,"(-0.1617432, 0.03735352, 0.9866943)",9.212707,4.561255,89.45872,-2.140085
10:03:12,"(-0.1610107, 0.03564453, 0.9915771)",9.369349,4.57129,90.46233,-2.0936
10:03:14,"(-0.1645508, 0.03747559, 0.9912109)",9.425702,4.57129,90.46233,-2.23122
10:03:15,"(-0.1625977, 0.03601074, 0.9862061)",9.486471,4.566273,89.96055,-2.097548
10:03:16,"(-0.1611328, 0.03674316, 0.993042)",9.21659,4.566273,89.96055,-2.034268
10:03:17,"(-0.1658936, 0.03564453, 0.9862061)",9.030521,4.57129,90.46233,-1.960364
10:03:18,"(-0.1611328, 0.03747559, 0.9925537)",9.221046,4.57129,90.46233,-2.094336
10:03:19,"(-0.1606445, 0.0345459, 0.9844971)",9.330029,4.566273,89.96055,-2.024806
10:03:20,"(-0.1600342, 0.03710938, 0.9862061)",9.217189,4.57129,90.46233,-2.138246
10:03:21,"(-0.1623535, 0.03527832, 0.9844971)",9.427025,4.57129,90.46233,-2.035348
10:03:22,"(-0.163208, 0.03649902, 0.9936523)",9.32758,4.576308,90.96411,-1.88709
10:03:23,"(-0.1616211, 0.03588867, 0.993042)",9.244039,4.576308,90.96411,-2.042919
10:03:24,"(-0.1612549, 0.0369873, 0.9882813)",9.253637,4.566273,89.96055,-1.993659
10:03:25,"(-0.1617432, 0.03625488, 0.9958496)",9.225267,4.566273,89.96055,-2.068161
10:03:26,"(-0.161499, 0.03466797, 0.9919434)",9.261725,4.566273,89.96055,-1.94172
10:03:27,"(-0.1636963, 0.03552246, 0.989624)",9.377627,4.57129,90.46233,-2.102355
10:03:28,"(-0.1633301, 0.03649902, 0.9908447)",9.360416,4.57129,90.46233,-2.031537
10:03:29,"(-0.1606445, 0.03649902, 0.9997559)",9.128471,4.57129,90.46233,-2.064365
10:03:30,"(-0.1608887, 0.03674316, 0.991333)",9.351677,4.57129,90.46233,-1.955226
10:03:31,"(-0.1627197, 0.03503418, 0.9912109)",9.33057,4.57129,90.46233,-2.014636
10:03:32,"(-0.1619873, 0.03259277, 0.9962158)",9.235614,4.57129,90.46233,-2.001754
10:03:33,"(-0.1578369, 0.03649902, 0.9899902)",9.058586,4.566273,89.96055,-2.080368
10:03:34,"(-0.1629639, 0.03674316, 0.9910889)",9.337539,4.57129,90.46233,-2.095077
10:03:35,"(-0.1630859, 0.03552246, 0.9925537)",9.14708,4.57129,90.46233,-2.083355
10:03:37,"(-0.161377, 0.03393555, 0.9907227)",9.272181,4.57129,90.46233,-1.964028
10:03:38,"(-0.1625977, 0.0378418, 0.9962158)",9.26981,4.57129,90.46233,-2.146983
10:03:39,"(-0.1639404, 0.03393555, 0.9910889)",9.3925,4.57129,90.46233,-2.100449
10:03:40,"(-0.1643066, 0.03735352, 0.9862061)",9.15253,4.57129,90.46233,-1.960667
10:03:41,"(-0.1639404, 0.03430176, 0.9880371)",9.420992,4.57129,90.46233,-1.854494
10:03:42,"(-0.1619873, 0.03759766, 0.9847412)",9.315214,4.57129,90.46233,-2.017715
10:03:43,"(-0.1624756, 0.03271484, 0.9906006)",9.326982,4.57129,90.46233,-2.098349
10:03:44,"(-0.1633301, 0.03295898, 0.9921875)",9.347972,4.57129,90.46233,-1.877332
10:03:45,"(-0.1636963, 0.03723145, 0.9914551)",9.309491,4.57129,90.46233,-1.962562
10:03:46,"(-0.1618652, 0.03833008, 0.9915771)",9.271199,4.57129,90.46233,-1.970289
10:03:47,"(-0.1625977, 0.03479004, 0.989624)",9.291556,4.57129,90.46233,-2.076531
10:03:48,"(-0.1622314, 0.03564453, 0.9899902)",9.295181,4.57129,90.46233,-2.157446
10:03:49,"(-0.1655273, 0.0357666, 0.9980469)",9.416859,4.57129,90.46233,-2.040056
10:03:50,"(-0.1638184, 0.03503418, 0.9923096)",9.265012,4.576308,90.96411,-1.932125
10:03:51,"(-0.1616211, 0.0378418, 0.9910889)",9.261939,4.57129,90.46233,-2.100837
10:03:52,"(-0.1635742, 0.03442383, 0.9880371)",9.400323,4.57129,90.46233,-1.942364
10:03:53,"(-0.1635742, 0.03723145, 0.9832764)",9.445018,4.57129,90.46233,-2.139081
10:03:54,"(-0.1612549, 0.0345459, 0.9887695)",9.099651,4.566273,89.96055,-2.023672
10:03:55,"(-0.1611328, 0.03430176, 0.9885254)",9.257974,4.566273,89.96055,-2.008452
10:03:57,"(-0.1589355, 0.03417969, 0.9956055)",9.070001,4.57129,90.46233,-1.985653
10:03:58,"(-0.1617432, 0.03430176, 0.9890137)",9.287924,4.576308,90.96411,-1.96036
10:03:59,"(-0.1621094, 0.03723145, 0.9908447)",9.148723,4.576308,90.96411,-1.85079
10:04:00,"(-0.161499, 0.03540039, 0.987915)",9.120076,4.581326,91.46593,-2.129705
10:04:01,"(-0.1639404, 0.0378418, 0.9904785)",9.329295,4.576308,90.96411,-2.019251
10:04:02,"(-0.1640625, 0.03540039, 0.9934082)",9.294431,4.57129,90.46233,-2.062438
10:04:03,"(-0.1650391, 0.03356934, 0.994873)",9.418996,4.57129,90.46233,-1.916127
10:04:04,"(-0.1624756, 0.03674316, 0.9853516)",9.300521,4.57129,90.46233,-1.995303
10:04:05,"(-0.164917, 0.03515625, 0.9918213)",9.440593,4.57129,90.46233,-2.002593
10:04:06,"(-0.1619873, 0.03283691, 0.9919434)",9.2918,4.57129,90.46233,-2.066589
10:04:07,"(-0.1604004, 0.0333252, 0.9887695)",9.214379,4.566273,89.96055,-2.068289
10:04:08,"(-0.1661377, 0.0369873, 0.9936523)",9.008755,4.566273,89.96055,-2.028378
10:04:09,"(-0.1628418, 0.03735352, 0.994751)",9.296919,4.57129,90.46233,-1.838742
10:04:10,"(-0.1622314, 0.03540039, 0.9943848)",8.930196,4.576308,90.96411,-2.036062
10:04:11,"(-0.1594238, 0.03356934, 0.9884033)",9.162569,4.581326,91.46593,-2.219521
10:04:12,"(-0.1575928, 0.03100586, 0.9890137)",9.05359,4.57129,90.46233,-1.773294
10:04:13,"(-0.1630859, 0.03491211, 0.9908447)",9.174822,4.57129,90.46233,-1.950892
10:04:14,"(-0.161499, 0.03515625, 0.9927979)",9.239408,4.57129,90.46233,-2.094644
10:04:15,"(-0.1594238, 0.03356934, 0.9927979)",9.40379,4.576308,90.96411,-2.100363
10:04:17,"(-0.1594238, 0.03344727, 0.989502)",9.139267,4.576308,90.96411,-2.109611
10:04:18,"(-0.1638184, 0.03393555, 0.9899902)",9.395862,4.57129,90.46233,-2.236638
10:04:19,"(-0.1605225, 0.03161621, 0.9849854)",9.256086,4.57129,90.46233,-2.048838
10:04:20,"(-0.1625977, 0.03491211, 0.9958496)",9.273159,4.57129,90.46233,-1.981612
10:04:21,"(-0.1633301, 0.03662109, 0.9916992)",9.396951,4.57129,90.46233,-1.952537
10:04:22,"(-0.1621094, 0.03466797, 0.9914551)",9.286062,4.566273,89.96055,-1.871689
10:04:23,"(-0.1622314, 0.03662109, 0.9873047)",9.331312,4.57129,90.46233,-1.889587
10:04:24,"(-0.1656494, 0.03491211, 0.994751)",9.454341,4.566273,89.96055,-1.982766
10:04:25,"(-0.1584473, 0.03430176, 0.9923096)",9.068708,4.57129,90.46233,-2.127232
10:04:26,"(-0.161377, 0.03344727, 0.9902344)",9.29731,4.576308,90.96411,-1.909156
10:04:27,"(-0.1612549, 0.03503418, 0.989502)",9.233492,4.57129,90.46233,-1.919593
10:04:28,"(-0.1602783, 0.03540039, 0.9943848)",9.156376,4.57129,90.46233,-1.919162
10:04:29,"(-0.1622314, 0.03283691, 0.9904785)",9.477291,4.566273,89.96055,-2.191124
10:04:30,"(-0.1618652, 0.03344727, 0.9898682)",9.286927,4.576308,90.96411,-2.002942
10:04:31,"(-0.161499, 0.03515625, 0.9893799)",9.270775,4.581326,91.46593,-2.00851
10:04:32,"(-0.1605225, 0.03527832, 0.9882813)",9.125756,4.576308,90.96411,-1.733355
10:04:33,"(-0.1602783, 0.03808594, 0.9902344)",9.194099,4.57129,90.46233,-1.950805
10:04:34,"(-0.1627197, 0.03771973, 0.9921875)",9.313653,4.566273,89.96055,-2.04869
10:04:35,"(-0.1602783, 0.03430176, 0.9825439)",9.264819,4.57129,90.46233,-1.973388
10:04:36,"(-0.1605225, 0.03381348, 0.989624)",9.192271,4.57129,90.46233,-2.163646
10:04:38,"(-0.1624756, 0.03466797, 0.9924316)",9.292431,4.57129,90.46233,-2.156558
10:04:39,"(-0.1638184, 0.03430176, 0.9952393)",9.347182,4.57129,90.46233,-2.172031
10:04:40,"(-0.1595459, 0.0324707, 0.9812012)",9.235615,4.576308,90.96411,-1.870834
10:04:41,"(-0.1656494, 0.03637695, 0.9902344)",9.311401,4.576308,90.96411,-1.87012
10:04:42,"(-0.1595459, 0.03625488, 0.9907227)",9.088908,4.57129,90.46233,-2.061775
10:04:43,"(-0.163208, 0.03771973, 0.9884033)",9.376238,4.57129,90.46233,-1.844854
10:04:44,"(-0.1623535, 0.0369873, 0.9898682)",9.314451,4.57129,90.46233,-1.923279
10:04:45,"(-0.1618652, 0.03686523, 0.9985352)",9.207705,4.57129,90.46233,-2.094619
10:04:46,"(-0.159668, 0.03625488, 0.987915)",9.18082,4.57129,90.46233,-2.074819
10:04:47,"(-0.1621094, 0.03491211, 0.994873)",9.254712,4.57129,90.46233,-1.98366
10:04:48,"(-0.1551514, 0.03479004, 0.9916992)",8.891846,4.57129,90.46233,-1.985056
10:04:49,"(-0.1591797, 0.03222656, 0.9906006)",9.128824,4.57129,90.46233,-2.084908
10:04:50,"(-0.1605225, 0.03283691, 0.9891357)",8.990417,4.576308,90.96411,-1.947803
10:04:51,"(-0.1611328, 0.03686523, 0.9899902)",9.170087,4.576308,90.96411,-1.992044
10:04:52,"(-0.1605225, 0.0357666, 0.9892578)",9.216799,4.57129,90.46233,-1.875212
10:04:53,"(-0.1605225, 0.03894043, 0.996582)",9.15705,4.57129,90.46233,-2.209147
10:04:54,"(-0.1584473, 0.03222656, 0.9871826)",9.071035,4.57129,90.46233,-2.044062
10:04:55,"(-0.1593018, 0.03491211, 0.9855957)",9.181311,4.57129,90.46233,-2.115547
10:04:56,"(-0.1605225, 0.03601074, 0.9926758)",9.137535,4.576308,90.96411,-1.856684
10:04:58,"(-0.159668, 0.03747559, 0.9866943)",9.113881,4.57129,90.46233,-1.972758
10:04:59,"(-0.1593018, 0.03662109, 0.9912109)",9.130176,4.576308,90.96411,-1.793507
10:05:00,"(-0.1586914, 0.03564453, 0.9887695)",9.117862,4.566273,89.96055,-2.037293
10:05:01,"(-0.1589355, 0.03283691, 0.9876709)",9.078439,4.57129,90.46233,-2.013592
10:05:02,"(-0.1618652, 0.03417969, 0.989502)",9.264474,4.566273,89.96055,-2.100131
10:05:03,"(-0.1619873, 0.03479004, 0.994751)",9.24898,4.566273,89.96055,-2.124064
10:05:04,"(-0.1607666, 0.03405762, 0.9864502)",9.256392,4.57129,90.46233,-1.951647
10:05:05,"(-0.1590576, 0.03564453, 0.9831543)",9.157481,4.57129,90.46233,-1.922991
10:05:06,"(-0.1599121, 0.03649902, 0.9921875)",9.131898,4.57129,90.46233,-1.939346
10:05:07,"(-0.1610107, 0.03759766, 0.991333)",9.225332,4.576308,90.96411,-1.844248
10:05:08,"(-0.1606445, 0.03723145, 0.9886475)",9.229282,4.576308,90.96411,-1.882366
10:05:09,"(-0.1600342, 0.03723145, 0.9885254)",9.195933,4.576308,90.96411,-2.069054
10:05:10,"(-0.1604004, 0.03613281, 0.9893799)",9.208792,4.57129,90.46233,-2.015669
10:05:11,"(-0.1594238, 0.03356934, 0.9891357)",9.1559,4.57129,90.46233,-1.815933
10:05:12,"(-0.1606445, 0.03759766, 0.9971924)",9.151541,4.57129,90.46233,-1.894956
10:05:13,"(-0.161377, 0.03222656, 0.9897461)",9.228085,4.561255,89.45872,-2.04965
10:05:14,"(-0.1588135, 0.03417969, 0.9847412)",9.161453,4.57129,90.46233,-1.949146
10:05:15,"(-0.1616211, 0.03540039, 0.9940186)",9.178169,4.561255,89.45872,-1.923638
10:05:17,"(-0.161499, 0.03820801, 0.9910889)",9.239408,4.576308,90.96411,-1.981596
10:05:18,"(-0.1575928, 0.03637695, 0.9918213)",9.028383,4.57129,90.46233,-1.819313
10:05:19,"(-0.1618652, 0.03540039, 0.9953613)",9.202329,4.576308,90.96411,-2.010693
10:05:20,"(-0.1595459, 0.03442383, 0.99646)",9.20747,4.57129,90.46233,-1.977291
10:05:21,"(-0.1610107, 0.03137207, 0.9891357)",9.198752,4.57129,90.46233,-2.041503
10:05:22,"(-0.1591797, 0.0345459, 0.989624)",9.13768,4.576308,90.96411,-2.096721
10:05:23,"(-0.1610107, 0.03149414, 0.9945068)",9.196394,4.566273,89.96055,-1.801524
10:05:24,"(-0.159668, 0.03625488, 0.9958496)",9.19105,4.57129,90.46233,-1.857418
10:05:25,"(-0.1593018, 0.03674316, 0.9937744)",9.184001,4.576308,90.96411,-1.747918
10:05:26,"(-0.1608887, 0.03613281, 0.9897461)",9.235223,4.576308,90.96411,-1.903863
10:05:27,"(-0.161499, 0.03674316, 0.9943848)",9.224917,4.576308,90.96411,-2.015162
10:05:28,"(-0.163208, 0.03833008, 0.998291)",9.284995,4.576308,90.96411,-1.85941
10:05:29,"(-0.1608887, 0.03967285, 0.9954834)",9.180679,4.57129,90.46233,-1.998979
10:05:30,"(-0.1544189, 0.03540039, 0.9885254)",8.8785,4.57129,90.46233,-2.024699
10:05:31,"(-0.1617432, 0.0390625, 0.9869385)",9.307111,4.576308,90.96411,-2.236746
10:05:32,"(-0.161499, 0.03491211, 0.9942627)",9.061466,4.57129,90.46233,-1.985955
10:05:33,"(-0.1606445, 0.03442383, 0.9935303)",9.06315,4.57129,90.46233,-2.059485
10:05:34,"(-0.163208, 0.03466797, 0.9919434)",9.295305,4.576308,90.96411,-2.183859
10:05:35,"(-0.15979, 0.03564453, 0.9886475)",9.277523,4.576308,90.96411,-2.037851
10:05:37,"(-0.1610107, 0.03833008, 0.9918213)",9.220868,4.57129,90.46233,-2.184589
10:05:38,"(-0.1594238, 0.03234863, 0.9897461)",9.15035,4.57129,90.46233,-2.010137
10:05:39,"(-0.1582031, 0.03857422, 0.9993896)",9.172688,4.566273,89.96055,-2.051064
10:05:40,"(-0.1599121, 0.03601074, 0.9923096)",9.17345,4.57129,90.46233,-1.916307
10:05:41,"(-0.1563721, 0.03710938, 0.9906006)",8.97045,4.57129,90.46233,-1.876066
10:05:42,"(-0.1617432, 0.03710938, 0.9934082)",9.247548,4.576308,90.96411,-2.116354
10:05:43,"(-0.1634521, 0.03491211, 0.9926758)",9.274842,4.576308,90.96411,-2.029604
10:05:44,"(-0.1601563, 0.03295898, 0.9871826)",9.09,4.576308,90.96411,-1.928483
10:05:45,"(-0.1595459, 0.03479004, 0.9924316)",9.039325,4.576308,90.96411,-2.179309
10:05:46,"(-0.1601563, 0.03527832, 0.989502)",9.1939,4.57129,90.46233,-2.075009
10:05:47,"(-0.161377, 0.03552246, 0.9979248)",9.185923,4.566273,89.96055,-2.19049
10:05:48,"(-0.1595459, 0.0324707, 0.9901123)",9.153907,4.57129,90.46233,-1.854435
10:05:49,"(-0.1583252, 0.0324707, 0.9857178)",9.256239,4.57129,90.46233,-1.862158
10:05:50,"(-0.1601563, 0.03515625, 0.9949951)",9.267951,4.566273,89.96055,-1.888208
10:05:51,"(-0.1619873, 0.03747559, 0.989502)",9.291935,4.57129,90.46233,-1.919092
10:05:52,"(-0.1585693, 0.03723145, 0.9929199)",9.17943,4.57129,90.46233,-1.942943
10:05:53,"(-0.1605225, 0.03649902, 0.9906006)",9.29641,4.561255,89.45872,-1.914016
10:05:55,"(-0.1647949, 0.03344727, 0.9951172)",9.149751,4.57129,90.46233,-1.900589
10:05:56,"(-0.1636963, 0.03466797, 0.9912109)",9.377627,4.57129,90.46233,-1.976376
10:05:57,"(-0.1608887, 0.03393555, 0.9936523)",9.197309,4.57129,90.46233,-1.930896
10:05:58,"(-0.1619873, 0.03173828, 0.9941406)",9.25456,4.57129,90.46233,-1.806076
10:05:59,"(-0.1595459, 0.03271484, 0.9924316)",9.132875,4.57129,90.46233,-2.110176
10:06:00,"(-0.1605225, 0.03479004, 0.9909668)",9.219034,4.57129,90.46233,-2.079061
10:06:01,"(-0.1593018, 0.03344727, 0.9912109)",9.134464,4.57129,90.46233,-2.187769
10:06:02,"(-0.164917, 0.03491211, 0.9937744)",9.422373,4.57129,90.46233,-1.995383
10:06:03,"(-0.1600342, 0.03833008, 0.9963379)",9.279776,4.576308,90.96411,-1.87093
10:06:04,"(-0.1602783, 0.03686523, 0.9918213)",9.179639,4.576308,90.96411,-1.915835
10:06:05,"(-0.1650391, 0.03723145, 0.9873047)",9.48989,4.57129,90.46233,-2.130084
10:06:06,"(-0.1600342, 0.03735352, 0.9937744)",9.381272,4.576308,90.96411,-2.12383
10:06:07,"(-0.161377, 0.0333252, 1.00061)",9.326074,4.57129,90.46233,-2.128203
10:06:08,"(-0.1594238, 0.03344727, 0.9899902)",9.14813,4.566273,89.96055,-2.240612
10:06:09,"(-0.1585693, 0.03515625, 0.9925537)",9.076809,4.57129,90.46233,-2.020221
10:06:10,"(-0.1610107, 0.03601074, 1.002075)",9.12811,4.57129,90.46233,-2.032063
10:06:11,"(-0.1589355, 0.04016113, 0.9898682)",9.036355,4.576308,90.96411,-1.886866
10:06:12,"(-0.1590576, 0.03710938, 0.9914551)",9.104775,4.576308,90.96411,-1.917864
10:06:13,"(-0.1612549, 0.03723145, 0.9882813)",9.267115,4.576308,90.96411,-1.860991
10:06:15,"(-0.1608887, 0.03942871, 0.9915771)",9.216227,4.576308,90.96411,-1.944777
10:06:16,"(-0.1588135, 0.03491211, 0.989502)",9.118117,4.576308,90.96411,-1.986117
10:06:17,"(-0.1611328, 0.03625488, 0.9903564)",9.241152,4.576308,90.96411,-2.069356
10:06:18,"(-0.1624756, 0.03564453, 0.9689941)",9.088347,4.576308,90.96411,-2.141206
10:06:19,"(-0.1577148, 0.03210449, 0.994751)",9.166784,4.57129,90.46233,-2.305075
10:06:20,"(-0.1571045, 0.03430176, 0.9907227)",9.12747,4.57129,90.46233,-2.105615
10:06:21,"(-0.1606445, 0.03186035, 0.9941406)",9.008168,4.566273,89.96055,-2.154559
10:06:22,"(-0.1571045, 0.03137207, 0.9914551)",9.019866,4.566273,89.96055,-2.156206
10:06:23,"(-0.1593018, 0.03894043, 0.987793)",9.209534,4.57129,90.46233,-2.228454
10:06:24,"(-0.1589355, 0.03930664, 0.9927979)",9.095222,4.576308,90.96411,-2.238781
10:06:25,"(-0.159668, 0.0369873, 0.9837646)",9.218889,4.57129,90.46233,-2.116188
10:06:26,"(-0.161377, 0.03405762, 0.9865723)",9.289793,4.57129,90.46233,-2.10271
10:06:27,"(-0.1638184, 0.03540039, 0.993042)",9.367499,4.576308,90.96411,-2.014436
10:06:28,"(-0.1610107, 0.03662109, 0.9919434)",9.043877,4.576308,90.96411,-1.880313
10:06:29,"(-0.1607666, 0.03540039, 0.9901123)",9.209354,4.576308,90.96411,-2.040086
10:06:30,"(-0.1593018, 0.03881836, 0.9886475)",9.15345,4.576308,90.96411,-1.998185
10:06:31,"(-0.1568604, 0.0357666, 0.9863281)",9.036339,4.576308,90.96411,-2.035306
10:06:32,"(-0.1630859, 0.03674316, 0.9980469)",9.280402,4.576308,90.96411,-2.052395
10:06:34,"(-0.1582031, 0.0369873, 0.984375)",9.130176,4.57129,90.46233,-2.114135
10:06:35,"(-0.1593018, 0.0345459, 0.9970703)",9.077417,4.576308,90.96411,-1.959524
10:06:36,"(-0.1622314, 0.03564453, 0.9926758)",9.281704,4.576308,90.96411,-1.951898
10:06:37,"(-0.1564941, 0.03710938, 0.9901123)",8.981695,4.576308,90.96411,-1.953689
10:06:38,"(-0.1571045, 0.03540039, 0.9888916)",9.027097,4.576308,90.96411,-1.968054
10:06:39,"(-0.1595459, 0.03613281, 0.9907227)",9.14172,4.57129,90.46233,-1.879891
10:06:40,"(-0.1599121, 0.03710938, 0.9912109)",9.17345,4.581326,91.46593,-1.910343
10:06:41,"(-0.1594238, 0.03723145, 0.9903564)",8.98596,4.576308,90.96411,-2.092523
10:06:42,"(-0.1586914, 0.03710938, 0.9924316)",9.077053,4.576308,90.96411,-1.889442
10:06:43,"(-0.1575928, 0.03601074, 0.9968262)",8.983795,4.57129,90.46233,-2.043574
10:06:44,"(-0.15979, 0.03283691, 0.9897461)",9.171011,4.576308,90.96411,-2.213079
10:06:45,"(-0.1599121, 0.03491211, 0.9935303)",9.176785,4.576308,90.96411,-2.043282
10:06:46,"(-0.1600342, 0.03271484, 0.9897461)",9.211954,4.576308,90.96411,-2.133889
10:06:47,"(-0.1610107, 0.03869629, 0.9958496)",9.184206,4.57129,90.46233,-2.196756
10:06:48,"(-0.1593018, 0.03894043, 0.9923096)",9.120237,4.566273,89.96055,-1.971858
10:06:49,"(-0.1593018, 0.03674316, 0.9903564)",9.252048,4.566273,89.96055,-1.970204
10:06:51,"(-0.1600342, 0.03515625, 0.9943848)",9.142665,4.576308,90.96411,-1.950983
10:06:52,"(-0.161499, 0.03771973, 0.9897461)",9.267404,4.57129,90.46233,-2.154055
10:06:53,"(-0.1591797, 0.03686523, 0.9958496)",9.081511,4.576308,90.96411,-1.996536
10:06:54,"(-0.1621094, 0.03515625, 0.9898682)",9.135291,4.576308,90.96411,-2.174688
10:06:55,"(-0.1584473, 0.03540039, 0.9897461)",9.056793,4.576308,90.96411,-2.125259
10:06:56,"(-0.1575928, 0.03417969, 0.9903564)",9.023365,4.576308,90.96411,-2.111373
10:06:57,"(-0.1610107, 0.03271484, 0.9937744)",9.134221,4.576308,90.96411,-2.182439
10:06:58,"(-0.1593018, 0.03369141, 0.9908447)",9.116083,4.57129,90.46233,-2.091244
10:06:59,"(-0.157959, 0.03405762, 0.9898682)",9.010105,4.576308,90.96411,-2.042909
10:07:00,"(-0.1610107, 0.03466797, 0.9908447)",9.275806,4.57129,90.46233,-2.060632
10:07:01,"(-0.1593018, 0.03515625, 0.9929199)",9.019322,4.57129,90.46233,-2.1088
10:07:02,"(-0.1590576, 0.03393555, 0.9929199)",9.182972,4.576308,90.96411,-2.129997
10:07:03,"(-0.1612549, 0.03479004, 0.9916992)",9.268266,4.576308,90.96411,-2.158404
10:07:04,"(-0.1585693, 0.03747559, 0.9916992)",9.221984,4.576308,90.96411,-2.13619
10:07:05,"(-0.1633301, 0.0378418, 0.9887695)",9.379713,4.581326,91.46593,-2.162456
10:07:06,"(-0.1618652, 0.03710938, 0.9880371)",9.303837,4.57129,90.46233,-2.122928
10:07:07,"(-0.1585693, 0.0369873, 0.993042)",9.07242,4.576308,90.96411,-1.986183
10:07:08,"(-0.1594238, 0.0378418, 0.9924316)",9.126005,4.581326,91.46593,-1.868582
10:07:10,"(-0.1583252, 0.03747559, 0.9971924)",9.162568,4.576308,90.96411,-1.885274
10:07:11,"(-0.159668, 0.03210449, 0.9959717)",9.107805,4.576308,90.96411,-2.257277
10:07:12,"(-0.1600342, 0.03405762, 0.9938965)",9.14708,4.576308,90.96411,-2.126492
10:07:13,"(-0.1586914, 0.03320313, 0.9909668)",9.116673,4.576308,90.96411,-2.157154
10:07:14,"(-0.1589355, 0.0378418, 0.9937744)",9.086433,4.57129,90.46233,-2.153365
10:07:15,"(-0.1600342, 0.03601074, 0.9910889)",9.163676,4.576308,90.96411,-2.198262
10:07:16,"(-0.1595459, 0.0333252, 0.9916992)",9.139506,4.576308,90.96411,-2.20274
10:07:17,"(-0.1584473, 0.03417969, 0.9899902)",9.093032,4.576308,90.96411,-2.134119
10:07:18,"(-0.1610107, 0.03283691, 0.9892578)",9.244349,4.576308,90.96411,-2.12445
10:07:19,"(-0.1549072, 0.03356934, 0.9881592)",8.909372,4.576308,90.96411,-2.134019
10:07:20,"(-0.1610107, 0.03442383, 0.9927979)",9.211954,4.576308,90.96411,-2.160337
10:07:21,"(-0.1594238, 0.0345459, 0.9941406)",9.110579,4.576308,90.96411,-1.97887
10:07:22,"(-0.161377, 0.03308105, 0.9957275)",9.205847,4.57129,90.46233,-2.105851
10:07:23,"(-0.1608887, 0.03417969, 0.9936523)",9.197309,4.576308,90.96411,-2.178275
10:07:24,"(-0.15979, 0.03125, 0.9924316)",9.156579,4.576308,90.96411,-2.192633
10:07:25,"(-0.15979, 0.03369141, 0.9921875)",9.111422,4.576308,90.96411,-1.980685
10:07:27,"(-0.1618652, 0.03381348, 0.9943848)",9.197504,4.576308,90.96411,-2.296961
10:07:28,"(-0.1542969, 0.0378418, 0.9920654)",8.840437,4.576308,90.96411,-1.955209
10:07:29,"(-0.1612549, 0.03845215, 0.9906006)",9.245791,4.576308,90.96411,-1.958367
10:07:30,"(-0.161499, 0.03527832, 0.9868164)",9.178406,4.57129,90.46233,-2.016362
10:07:31,"(-0.1589355, 0.03771973, 0.994873)",9.025949,4.57129,90.46233,-1.912067
10:07:32,"(-0.1540527, 0.03076172, 0.9885254)",9.189038,4.57129,90.46233,-1.759541
10:07:33,"(-0.1578369, 0.03686523, 0.9881592)",9.075093,4.57129,90.46233,-2.109822
10:07:34,"(-0.1560059, 0.03149414, 0.9902344)",8.953039,4.57129,90.46233,-2.125539
10:07:35,"(-0.1602783, 0.0333252, 0.9901123)",9.142033,4.57129,90.46233,-2.120264
10:07:36,"(-0.1602783, 0.03210449, 0.9881592)",9.284604,4.57129,90.46233,-2.167915
10:07:37,"(-0.1550293, 0.03845215, 0.9941406)",8.863488,4.576308,90.96411,-2.188601
10:07:38,"(-0.1604004, 0.03808594, 0.9918213)",9.186511,4.576308,90.96411,-1.950935
10:07:39,"(-0.1612549, 0.03833008, 0.9942627)",8.956673,4.576308,90.96411,-1.966004
10:07:40,"(-0.1588135, 0.03637695, 0.989502)",9.239573,4.576308,90.96411,-1.965604
10:07:41,"(-0.1582031, 0.03564453, 0.9959717)",9.135188,4.581326,91.46593,-2.023691
10:07:42,"(-0.1588135, 0.03442383, 0.9855957)",9.153646,4.576308,90.96411,-1.974898
10:07:43,"(-0.1578369, 0.03051758, 0.9932861)",9.029025,4.576308,90.96411,-1.999341
10:07:45,"(-0.1610107, 0.0357666, 0.9909668)",9.188634,4.57129,90.46233,-2.129476
10:07:46,"(-0.1585693, 0.03503418, 0.9903564)",9.14947,4.57129,90.46233,-2.118111
10:07:47,"(-0.1584473, 0.0369873, 0.993042)",9.065552,4.566273,89.96055,-2.106459
10:07:48,"(-0.1578369, 0.03747559, 0.9909668)",9.049808,4.57129,90.46233,-1.792508
10:07:49,"(-0.1599121, 0.03869629, 0.9904785)",9.17345,4.561255,89.45872,-1.987165
10:07:50,"(-0.15979, 0.03735352, 0.9886475)",9.120836,4.57129,90.46233,-2.062332
10:07:51,"(-0.1612549, 0.0333252, 0.9897461)",9.191671,4.57129,90.46233,-1.903702
10:07:52,"(-0.1588135, 0.03356934, 0.9975586)",9.045699,4.576308,90.96411,-1.917816
10:07:53,"(-0.1601563, 0.03442383, 0.9874268)",9.212892,4.576308,90.96411,-2.182099
10:07:54,"(-0.1584473, 0.03417969, 0.989502)",9.120054,4.576308,90.96411,-2.198422
10:07:55,"(-0.1571045, 0.03430176, 0.989502)",9.02162,4.57129,90.46233,-1.96086
10:07:56,"(-0.1585693, 0.03601074, 0.9852295)",9.14315,4.576308,90.96411,-1.927976
10:07:57,"(-0.1610107, 0.03515625, 0.9910889)",9.206391,4.576308,90.96411,-1.959278
10:07:58,"(-0.1599121, 0.03625488, 0.9881592)",9.053514,4.576308,90.96411,-1.951067
10:07:59,"(-0.1567383, 0.03491211, 0.9873047)",9.020638,4.57129,90.46233,-2.000166
10:08:00,"(-0.1578369, 0.03442383, 0.989502)",9.062983,4.57129,90.46233,-1.844952
10:08:02,"(-0.1590576, 0.03344727, 0.9882813)",9.15081,4.57129,90.46233,-2.172453
10:08:03,"(-0.1544189, 0.03308105, 0.9942627)",8.828077,4.57129,90.46233,-2.088362
10:08:04,"(-0.1582031, 0.0378418, 0.9909668)",9.070456,4.576308,90.96411,-1.852332
10:08:05,"(-0.159668, 0.03845215, 0.9918213)",9.006559,4.57129,90.46233,-1.999432
10:08:06,"(-0.1601563, 0.03759766, 0.987793)",9.101628,4.576308,90.96411,-1.968919
10:08:07,"(-0.1558838, 0.03466797, 0.9898682)",9.052794,4.576308,90.96411,-1.876328
10:08:08,"(-0.1563721, 0.03503418, 0.9921875)",8.956336,4.581326,91.46593,-2.00148
10:08:09,"(-0.1594238, 0.03649902, 0.9901123)",9.147021,4.576308,90.96411,-2.081101
10:08:10,"(-0.1600342, 0.03405762, 0.9927979)",8.987532,4.57129,90.46233,-1.90133
10:08:11,"(-0.1586914, 0.03369141, 0.9853516)",9.107439,4.576308,90.96411,-1.93364
10:08:12,"(-0.1588135, 0.03344727, 0.9910889)",9.103763,4.576308,90.96411,-1.969305
10:08:13,"(-0.1589355, 0.03479004, 0.9918213)",9.090826,4.57129,90.46233,-2.126664
10:08:14,"(-0.159668, 0.03442383, 0.9892578)",9.168571,4.57129,90.46233,-1.967511
10:08:15,"(-0.1577148, 0.03405762, 0.9910889)",9.041829,4.576308,90.96411,-2.013735
10:08:17,"(-0.1589355, 0.03308105, 0.9884033)",9.016932,4.576308,90.96411,-2.036217
10:08:18,"(-0.1577148, 0.03515625, 0.9859619)",9.088063,4.576308,90.96411,-2.016505
10:08:19,"(-0.1610107, 0.03771973, 0.9914551)",9.224216,4.581326,91.46593,-1.914576
10:08:20,"(-0.1573486, 0.03271484, 0.9882813)",9.006738,4.581326,91.46593,-1.946755
10:08:21,"(-0.1572266, 0.03271484, 0.9934082)",9.185809,4.576308,90.96411,-1.966144
10:08:22,"(-0.1612549, 0.03527832, 1.001221)",9.149388,4.57129,90.46233,-1.983495
10:08:23,"(-0.1610107, 0.03723145, 0.991333)",9.018994,4.57129,90.46233,-1.838929
10:08:24,"(-0.1564941, 0.03466797, 0.993042)",8.955626,4.57129,90.46233,-1.938706
10:08:25,"(-0.1569824, 0.03466797, 0.9884033)",9.000398,4.576308,90.96411,-1.969513
10:08:26,"(-0.157959, 0.03271484, 0.9869385)",9.09304,4.581326,91.46593,-1.862124
10:08:27,"(-0.1568604, 0.03637695, 0.9902344)",9.117522,4.576308,90.96411,-1.936321
10:08:28,"(-0.1547852, 0.03491211, 0.9915771)",9.073124,4.576308,90.96411,-1.932391
10:08:29,"(-0.1588135, 0.03356934, 0.9910889)",9.103763,4.576308,90.96411,-1.907047
10:08:30,"(-0.1560059, 0.03613281, 0.9923096)",8.934619,4.576308,90.96411,-1.949161
10:08:31,"(-0.1560059, 0.03503418, 0.9891357)",9.012113,4.57129,90.46233,-1.950333
10:08:32,"(-0.1599121, 0.03466797, 0.9787598)",9.279136,4.57129,90.46233,-2.002063
10:08:33,"(-0.1585693, 0.03320313, 0.9901123)",9.098817,4.576308,90.96411,-1.882462
10:08:35,"(-0.1588135, 0.03479004, 0.9909668)",9.098254,4.576308,90.96411,-1.92787
10:08:36,"(-0.1611328, 0.03686523, 0.9871826)",8.952616,4.581326,91.46593,-1.986809
10:08:37,"(-0.1575928, 0.0357666, 0.9934082)",9.014199,4.576308,90.96411,-1.875784
10:08:38,"(-0.157959, 0.03515625, 0.9919434)",9.018452,4.576308,90.96411,-1.976137
10:08:39,"(-0.15271, 0.03466797, 0.996582)",8.896929,4.576308,90.96411,-1.968385
10:08:40,"(-0.1573486, 0.03405762, 0.9934082)",9.000463,4.576308,90.96411,-2.027911
10:08:41,"(-0.1589355, 0.03491211, 0.9904785)",9.151647,4.57129,90.46233,-1.945817
10:08:42,"(-0.1607666, 0.03405762, 0.9840088)",9.278959,4.576308,90.96411,-1.95636
10:08:43,"(-0.1567383, 0.03417969, 0.9912109)",8.98567,4.576308,90.96411,-2.045059
10:08:44,"(-0.1549072, 0.03405762, 0.9912109)",8.908291,4.57129,90.46233,-1.984843
10:08:45,"(-0.1552734, 0.03442383, 0.9866943)",8.94314,4.576308,90.96411,-1.970391
10:08:46,"(-0.1567383, 0.03405762, 0.9938965)",9.002708,4.576308,90.96411,-2.000088
10:08:47,"(-0.1625977, 0.03564453, 0.9929199)",9.300044,4.576308,90.96411,-2.03749
10:08:48,"(-0.1550293, 0.03430176, 0.9858398)",9.070806,4.576308,90.96411,-1.94332
10:08:49,"(-0.1566162, 0.03442383, 0.9904785)",8.985317,4.57129,90.46233,-1.858239
10:08:51,"(-0.161377, 0.03259277, 0.9898682)",9.066355,4.576308,90.96411,-1.978174
10:08:52,"(-0.1572266, 0.03466797, 0.9919434)",9.006658,4.581326,91.46593,-1.96791
10:08:53,"(-0.1563721, 0.0357666, 0.9864502)",8.953085,4.576308,90.96411,-1.997632
10:08:54,"(-0.1572266, 0.03552246, 0.9884033)",8.915332,4.581326,91.46593,-1.966227
10:08:55,"(-0.1582031, 0.03540039, 0.9932861)",9.049627,4.57129,90.46233,-2.015753
10:08:56,"(-0.1582031, 0.0333252, 0.9898682)",9.080356,4.57129,90.46233,-1.755899
10:08:57,"(-0.159668, 0.03393555, 0.9904785)",9.06855,4.57129,90.46233,-2.011419
10:08:58,"(-0.1550293, 0.03259277, 0.9853516)",8.941278,4.57129,90.46233,-1.871494
10:08:59,"(-0.1535645, 0.03442383, 0.9871826)",8.841968,4.57129,90.46233,-1.953861
10:09:00,"(-0.1584473, 0.03344727, 0.9914551)",9.065988,4.576308,90.96411,-1.920918
10:09:01,"(-0.1589355, 0.03625488, 0.9910889)",9.110642,4.576308,90.96411,-2.068588
10:09:02,"(-0.1588135, 0.03283691, 0.9941406)",9.076282,4.576308,90.96411,-2.1509
10:09:03,"(-0.1567383, 0.03515625, 0.9874268)",8.866263,4.576308,90.96411,-1.926905
10:09:05,"(-0.1568604, 0.03198242, 0.9920654)",8.984935,4.57129,90.46233,-1.823832
10:09:06,"(-0.1567383, 0.03503418, 0.994751)",8.954211,4.57129,90.46233,-2.042241
10:09:07,"(-0.1584473, 0.03869629, 1.000977)",8.909719,4.576308,90.96411,-1.902862
10:09:08,"(-0.1557617, 0.03491211, 0.9923096)",8.920861,4.57129,90.46233,-1.990633
10:09:09,"(-0.1558838, 0.03479004, 0.9937744)",8.914791,4.576308,90.96411,-1.96242
10:09:10,"(-0.1531982, 0.03295898, 0.9926758)",8.78673,4.581326,91.46593,-1.898069
10:09:11,"(-0.1607666, 0.02966309, 0.9967041)",9.162788,4.581326,91.46593,-1.682947
10:09:12,"(-0.1586914, 0.03393555, 0.9908447)",9.105704,4.576308,90.96411,-1.91717
10:09:13,"(-0.1600342, 0.03210449, 0.9976807)",9.112968,4.57129,90.46233,-1.819844
10:09:14,"(-0.15625, 0.03564453, 0.9909668)",10.67569,4.576308,90.96411,-1.985394
10:09:15,"(-0.1531982, 0.03283691, 0.9870605)",8.822288,4.57129,90.46233,-1.871782
10:09:16,"(-0.1571045, 0.03442383, 0.9903564)",9.035873,4.576308,90.96411,-1.998847
10:09:17,"(-0.1578369, 0.03710938, 0.9929199)",8.860459,4.576308,90.96411,-2.114856
10:09:18,"(-0.1574707, 0.03601074, 0.9976807)",8.969386,4.576308,90.96411,-2.138163
10:09:19,"(-0.154541, 0.03393555, 0.9880371)",8.859569,4.586344,91.96771,-2.02657
10:09:20,"(-0.1599121, 0.03344727, 0.9820557)",8.99859,4.576308,90.96411,-1.92666
10:09:22,"(-0.1573486, 0.03540039, 0.9952393)",8.984174,4.566273,89.96055,-1.987431
10:09:23,"(-0.159668, 0.03308105, 0.989502)",9.122744,4.57129,90.46233,-1.875196
10:09:24,"(-0.1546631, 0.03259277, 0.9941406)",8.842882,4.57129,90.46233,-1.855458
10:09:25,"(-0.1560059, 0.03271484, 0.9857178)",8.993394,4.576308,90.96411,-2.04163
10:09:26,"(-0.1595459, 0.03442383, 0.989502)",9.185077,4.57129,90.46233,-1.960053
10:09:27,"(-0.1561279, 0.0324707, 0.9899902)",9.215862,4.576308,90.96411,-1.986445
10:09:28,"(-0.1574707, 0.0333252, 0.9923096)",9.017139,4.576308,90.96411,-1.873247
10:09:29,"(-0.1564941, 0.03710938, 0.9897461)",8.984964,4.581326,91.46593,-2.024599
10:09:30,"(-0.1580811, 0.03344727, 0.9916992)",9.049323,4.576308,90.96411,-2.01029
10:09:31,"(-0.1564941, 0.03356934, 0.9868164)",9.094146,4.576308,90.96411,-1.993757
10:09:32,"(-0.1602783, 0.03442383, 0.9937744)",9.161903,4.576308,90.96411,-1.915464
10:09:33,"(-0.1572266, 0.03540039, 0.9890137)",9.130917,4.57129,90.46233,-1.819251
10:09:34,"(-0.1599121, 0.03112793, 0.991333)",9.163456,4.57129,90.46233,-1.775563
10:09:35,"(-0.1550293, 0.03308105, 0.9912109)",8.889269,4.576308,90.96411,-1.963074
10:09:36,"(-0.1557617, 0.03723145, 0.9937744)",8.907923,4.576308,90.96411,-1.793298
10:09:37,"(-0.1551514, 0.03430176, 0.9866943)",8.936222,4.576308,90.96411,-1.890509
10:09:38,"(-0.1588135, 0.03381348, 0.9866943)",8.963193,4.581326,91.46593,-1.86982
10:09:40,"(-0.1546631, 0.03259277, 0.9874268)",8.902049,4.576308,90.96411,-1.857638
10:09:41,"(-0.1586914, 0.03369141, 0.9916992)",9.079255,4.576308,90.96411,-2.022291
10:09:42,"(-0.15979, 0.03295898, 0.9888916)",9.178801,4.57129,90.46233,-1.884492
10:09:43,"(-0.1577148, 0.03527832, 0.9931641)",9.023247,4.576308,90.96411,-1.853274
10:09:44,"(-0.1584473, 0.03283691, 0.9852295)",9.011628,4.57129,90.46233,-1.88537
10:09:45,"(-0.1555176, 0.03527832, 0.9888916)",8.937392,4.581326,91.46593,-1.983903
10:09:46,"(-0.1577148, 0.03540039, 0.9907227)",9.204136,4.576308,90.96411,-1.967556
10:09:47,"(-0.1557617, 0.03381348, 0.9863281)",9.119314,4.576308,90.96411,-1.938657
10:09:48,"(-0.1566162, 0.03369141, 0.9910889)",8.979874,4.576308,90.96411,-1.997871
10:09:49,"(-0.157959, 0.03393555, 0.9875488)",8.98573,4.576308,90.96411,-1.805995
10:09:50,"(-0.1578369, 0.03564453, 0.9886475)",9.070685,4.576308,90.96411,-2.039038
10:09:51,"(-0.1578369, 0.0357666, 0.989624)",9.061883,4.576308,90.96411,-2.00557
10:09:52,"(-0.1590576, 0.03381348, 0.9881592)",9.203176,4.576308,90.96411,-1.911887
10:09:54,"(-0.1584473, 0.03271484, 0.9888916)",9.102964,4.576308,90.96411,-1.970843
10:09:55,"(-0.1571045, 0.03430176, 0.9898682)",9.011779,4.576308,90.96411,-1.944513
10:09:56,"(-0.1600342, 0.03283691, 0.9921875)",9.162568,4.576308,90.96411,-1.87137
10:09:57,"(-0.1560059, 0.0345459, 0.9875488)",8.976991,4.576308,90.96411,-1.893761
10:09:58,"(-0.1557617, 0.03369141, 0.9852295)",9.122391,4.57129,90.46233,-1.842779
10:09:59,"(-0.1568604, 0.0345459, 0.9893799)",8.991465,4.581326,91.46593,-1.894542
10:10:00,"(-0.1606445, 0.03674316, 0.9937744)",9.045254,4.576308,90.96411,-2.091144
10:10:01,"(-0.1578369, 0.03344727, 0.9864502)",9.090552,4.576308,90.96411,-1.957791
10:10:02,"(-0.1572266, 0.03515625, 0.9898682)",8.901134,4.57129,90.46233,-2.009591
10:10:03,"(-0.1567383, 0.03295898, 0.9906006)",9.011871,4.57129,90.46233,-1.844605
10:10:04,"(-0.1535645, 0.03283691, 0.989624)",8.820498,4.581326,91.46593,-1.877986
10:10:05,"(-0.1536865, 0.03430176, 0.9914551)",9.127109,4.586344,91.96771,-1.996447
10:10:06,"(-0.1568604, 0.03417969, 0.9841309)",9.056181,4.576308,90.96411,-1.989713
10:10:07,"(-0.1582031, 0.03491211, 0.9912109)",9.149934,4.57129,90.46233,-1.96205
10:10:08,"(-0.1567383, 0.03613281, 0.9957275)",8.945572,4.566273,89.96055,-2.057398
10:10:10,"(-0.1577148, 0.03503418, 0.9869385)",9.032261,4.576308,90.96411,-1.887825
10:10:11,"(-0.1584473, 0.0345459, 0.9916992)",9.077623,4.576308,90.96411,-2.024431
10:10:12,"(-0.1593018, 0.03503418, 0.9914551)",8.899466,4.576308,90.96411,-1.847719
10:10:13,"(-0.157959, 0.0324707, 0.989624)",9.068774,4.576308,90.96411,-1.934766
10:10:14,"(-0.1590576, 0.03417969, 0.9899902)",9.022923,4.57129,90.46233,-1.941165
10:10:15,"(-0.1560059, 0.03381348, 0.9943848)",8.916273,4.576308,90.96411,-2.007568
10:10:16,"(-0.1568604, 0.03540039, 0.9910889)",8.975176,4.576308,90.96411,-1.862702
10:10:17,"(-0.1575928, 0.03344727, 0.9891357)",9.05249,4.576308,90.96411,-1.853391
10:10:18,"(-0.1594238, 0.03417969, 1.0)",9.058085,4.586344,91.96771,-1.933196
10:10:19,"(-0.1578369, 0.03417969, 0.9899902)",8.952801,4.57129,90.46233,-1.91292
10:10:20,"(-0.1572266, 0.03503418, 0.9855957)",9.063704,4.576308,90.96411,-1.979598
10:10:21,"(-0.1541748, 0.03381348, 0.9875488)",8.873313,4.576308,90.96411,-1.937578
10:10:22,"(-0.1567383, 0.03552246, 0.9916992)",9.017468,4.576308,90.96411,-1.919158
10:10:23,"(-0.1568604, 0.03149414, 0.9934082)",8.972987,4.57129,90.46233,-1.779405
10:10:24,"(-0.1571045, 0.03405762, 0.9886475)",9.023484,4.576308,90.96411,-1.955806
10:10:26,"(-0.1575928, 0.03186035, 0.9873047)",9.069001,4.581326,91.46593,-2.02391
10:10:27,"(-0.1599121, 0.03393555, 0.9924316)",9.153483,4.57129,90.46233,-1.933508
10:10:28,"(-0.1575928, 0.03283691, 0.9892578)",9.129437,4.57129,90.46233,-1.884521
10:10:29,"(-0.1583252, 0.03393555, 0.9918213)",9.08945,4.576308,90.96411,-1.807505
10:10:30,"(-0.1575928, 0.03210449, 0.9829102)",9.10887,4.576308,90.96411,-1.851001
10:10:31,"(-0.1569824, 0.03674316, 0.9890137)",8.995079,4.581326,91.46593,-1.915494
10:10:32,"(-0.1590576, 0.0333252, 0.9890137)",8.936308,4.576308,90.96411,-2.004154
10:10:33,"(-0.1571045, 0.03442383, 0.9926758)",8.993248,4.57129,90.46233,-1.973457
10:10:34,"(-0.1571045, 0.03491211, 0.9925537)",9.141877,4.57129,90.46233,-1.878639
10:10:35,"(-0.1552734, 0.03295898, 0.9898682)",8.914927,4.57129,90.46233,-1.884014
10:10:36,"(-0.1606445, 0.03308105, 0.9934082)",9.185809,4.576308,90.96411,-1.984806
10:10:37,"(-0.1566162, 0.03344727, 0.9908447)",8.9995,4.576308,90.96411,-1.926933
10:10:38,"(-0.1561279, 0.03356934, 0.9957275)",8.911297,4.576308,90.96411,-1.907613
10:10:39,"(-0.15625, 0.0357666, 0.9918213)",8.952708,4.581326,91.46593,-1.925947
10:10:40,"(-0.1586914, 0.03320313, 0.9902344)",9.028836,4.576308,90.96411,-2.084776
10:10:42,"(-0.1563721, 0.03356934, 0.9855957)",9.015257,4.576308,90.96411,-1.980533
10:10:43,"(-0.1542969, 0.0357666, 0.9890137)",9.215497,4.57129,90.46233,-1.989388
10:10:44,"(-0.1573486, 0.03125, 0.9921875)",9.011355,4.576308,90.96411,-1.781743
10:10:45,"(-0.1578369, 0.03588867, 0.991333)",9.049808,4.57129,90.46233,-2.020812
10:10:46,"(-0.1534424, 0.0357666, 0.9915771)",8.796508,4.576308,90.96411,-2.041509
10:10:47,"(-0.1578369, 0.0345459, 0.9893799)",9.064081,4.581326,91.46593,-1.866541
10:10:48,"(-0.1606445, 0.0345459, 0.986084)",8.865513,4.576308,90.96411,-1.891494
10:10:49,"(-0.1574707, 0.03393555, 0.9859619)",9.074228,4.57129,90.46233,-2.004065
10:10:50,"(-0.1551514, 0.03527832, 0.9855957)",8.946022,4.576308,90.96411,-2.025048
10:10:51,"(-0.1568604, 0.03442383, 0.9915771)",9.085058,4.576308,90.96411,-1.911615
10:10:52,"(-0.1588135, 0.03259277, 0.9904785)",9.109279,4.581326,91.46593,-1.995409
10:10:53,"(-0.1567383, 0.03173828, 0.9958496)",8.944493,4.576308,90.96411,-1.803247
10:10:54,"(-0.1577148, 0.03723145, 0.9899902)",8.988975,4.576308,90.96411,-1.955993
10:10:56,"(-0.1578369, 0.0345459, 0.9962158)",8.913852,4.576308,90.96411,-1.962089
10:10:57,"(-0.15625, 0.03234863, 0.9909668)",8.960302,4.576308,90.96411,-2.022591
10:10:58,"(-0.1569824, 0.03491211, 0.9881592)",9.018008,4.576308,90.96411,-1.996367
10:10:59,"(-0.1575928, 0.03479004, 0.9907227)",8.948698,4.57129,90.46233,-1.930977
10:11:00,"(-0.1568604, 0.0369873, 0.9932861)",8.974072,4.576308,90.96411,-1.927692
10:11:01,"(-0.1560059, 0.03540039, 0.9904785)",8.810108,4.576308,90.96411,-1.884776
10:11:02,"(-0.1595459, 0.03540039, 0.9886475)",9.16724,4.57129,90.46233,-2.024537
10:11:03,"(-0.1584473, 0.0357666, 0.9921875)",9.07323,4.57129,90.46233,-1.899361
10:11:04,"(-0.1584473, 0.03222656, 0.9945068)",9.052421,4.576308,90.96411,-1.832894
10:11:05,"(-0.1577148, 0.03344727, 0.9897461)",9.012352,4.576308,90.96411,-1.972404
10:11:06,"(-0.159668, 0.03430176, 0.9866943)",9.191985,4.576308,90.96411,-1.958186
10:11:07,"(-0.1573486, 0.03295898, 0.9899902)",9.06197,4.57129,90.46233,-1.822323
10:11:08,"(-0.1578369, 0.03320313, 0.9934082)",9.027933,4.576308,90.96411,-1.804316
10:11:09,"(-0.1608887, 0.0324707, 0.9943848)",9.19065,4.576308,90.96411,-1.846282
10:11:10,"(-0.1561279, 0.03515625, 0.9920654)",9.003873,4.576308,90.96411,-1.963135
10:11:12,"(-0.1586914, 0.03515625, 0.9916992)",9.091376,4.576308,90.96411,-1.960979
10:11:13,"(-0.1555176, 0.03503418, 0.9916992)",9.010442,4.576308,90.96411,-1.88072
10:11:14,"(-0.1590576, 0.03161621, 0.9893799)",9.133007,4.581326,91.46593,-1.879892
10:11:15,"(-0.1567383, 0.03320313, 0.9906006)",8.991117,4.576308,90.96411,-1.899475
10:11:16,"(-0.1573486, 0.03393555, 0.9973145)",9.153219,4.576308,90.96411,-2.005174
10:11:17,"(-0.1577148, 0.03527832, 0.9916992)",8.991553,4.576308,90.96411,-2.036527
10:11:18,"(-0.1556396, 0.03613281, 0.989624)",8.92695,4.576308,90.96411,-1.951121
10:11:19,"(-0.1580811, 0.03369141, 0.9893799)",9.147197,4.561255,89.45872,-1.923092
10:11:20,"(-0.1566162, 0.03479004, 0.9920654)",9.138309,4.576308,90.96411,-1.767644
10:11:21,"(-0.1566162, 0.03356934, 0.9909668)",8.980962,4.576308,90.96411,-1.990848
10:11:22,"(-0.1601563, 0.03344727, 0.9904785)",9.18499,4.581326,91.46593,-2.004732
10:11:23,"(-0.1567383, 0.03308105, 0.9926758)",8.975551,4.57129,90.46233,-1.989526
10:11:24,"(-0.1560059, 0.03271484, 0.9937744)",8.92166,4.576308,90.96411,-1.953676
10:11:25,"(-0.1541748, 0.0378418, 0.9909668)",8.845337,4.57129,90.46233,-1.791003
10:11:26,"(-0.15979, 0.03466797, 0.9857178)",9.20785,4.576308,90.96411,-1.988344
10:11:27,"(-0.1582031, 0.03613281, 0.9941406)",9.113509,4.576308,90.96411,-1.94667
10:11:29,"(-0.154541, 0.03613281, 0.9919434)",8.855277,4.581326,91.46593,-2.061305
10:11:30,"(-0.1563721, 0.03369141, 0.9892578)",8.982429,4.576308,90.96411,-1.985412
10:11:31,"(-0.159668, 0.03491211, 1.005249)",9.025139,4.576308,90.96411,-1.964466
10:11:32,"(-0.1550293, 0.03662109, 0.9815674)",8.794765,4.576308,90.96411,-1.882043
10:11:33,"(-0.1534424, 0.03613281, 0.9909668)",8.801842,4.581326,91.46593,-2.063633
10:11:34,"(-0.1574707, 0.03417969, 0.9920654)",8.820024,4.576308,90.96411,-1.963071
10:11:35,"(-0.1574707, 0.03430176, 0.9908447)",9.030251,4.576308,90.96411,-2.045517
10:11:36,"(-0.1571045, 0.03320313, 0.9936523)",9.053212,4.57129,90.46233,-1.890016
10:11:37,"(-0.1566162, 0.03393555, 0.9912109)",8.985022,4.57129,90.46233,-1.983809
10:11:38,"(-0.1571045, 0.03479004, 0.986084)",9.052375,4.581326,91.46593,-1.93729
10:11:39,"(-0.1566162, 0.0345459, 0.9880371)",9.007155,4.576308,90.96411,-1.978436
10:11:40,"(-0.1580811, 0.03479004, 0.9915771)",9.058087,4.576308,90.96411,-1.984391
10:11:41,"(-0.1572266, 0.03320313, 0.9953613)",8.976234,4.576308,90.96411,-1.887175
10:11:43,"(-0.1538086, 0.03308105, 0.9891357)",8.838593,4.576308,90.96411,-1.99054
10:11:44,"(-0.1568604, 0.03308105, 0.989624)",8.988198,4.556237,88.95696,-1.859389
10:11:45,"(-0.1590576, 0.03442383, 0.9899902)",9.12747,4.576308,90.96411,-1.966284
10:11:46,"(-0.1572266, 0.03381348, 0.9893799)",9.029611,4.576308,90.96411,-2.02082
10:11:47,"(-0.1601563, 0.03405762, 0.9940186)",9.152834,4.57129,90.46233,-1.937366
10:11:48,"(-0.1583252, 0.03540039, 0.9893799)",8.660467,4.576308,90.96411,-1.870951
10:11:49,"(-0.1568604, 0.03588867, 0.9931641)",8.975158,4.576308,90.96411,-1.990269
10:11:50,"(-0.1558838, 0.03430176, 0.9881592)",8.964629,4.581326,91.46593,-1.963832
10:11:51,"(-0.1583252, 0.0369873, 0.991333)",9.103805,4.57129,90.46233,-2.013222
10:11:52,"(-0.1593018, 0.0345459, 0.9898682)",9.142353,4.576308,90.96411,-1.899625
10:11:53,"(-0.1540527, 0.03662109, 0.9882813)",8.901382,4.576308,90.96411,-2.02678
10:11:54,"(-0.1538086, 0.03381348, 0.9876709)",9.045628,4.57129,90.46233,-1.965143
10:11:55,"(-0.1602783, 0.03283691, 0.9876709)",9.045254,4.576308,90.96411,-1.98702
10:11:56,"(-0.1569824, 0.03442383, 0.9899902)",9.010352,4.581326,91.46593,-1.877264
10:11:58,"(-0.1512451, 0.0345459, 0.9943848)",8.648356,4.576308,90.96411,-1.784321
10:11:59,"(-0.1591797, 0.03356934, 0.9871826)",9.159896,4.576308,90.96411,-1.902619
10:12:00,"(-0.1586914, 0.03564453, 0.9959717)",9.087263,4.581326,91.46593,-2.023962
10:12:01,"(-0.1589355, 0.03430176, 0.9871826)",8.982451,4.576308,90.96411,-1.896244
10:12:02,"(-0.15625, 0.03198242, 0.9888916)",8.9408,4.57129,90.46233,-2.147628
10:12:03,"(-0.1578369, 0.03344727, 0.9863281)",9.046041,4.576308,90.96411,-2.023463
10:12:04,"(-0.1578369, 0.03186035, 0.9899902)",9.081484,4.581326,91.46593,-2.016565
10:12:05,"(-0.1547852, 0.03442383, 0.9880371)",8.979891,4.581326,91.46593,-2.053256
10:12:06,"(-0.1583252, 0.0345459, 0.9899902)",8.786361,4.581326,91.46593,-1.926375
10:12:07,"(-0.1556396, 0.03283691, 0.9935303)",8.903206,4.576308,90.96411,-2.016957
10:12:08,"(-0.1555176, 0.0333252, 0.9960938)",9.222922,4.576308,90.96411,-2.005816
10:12:09,"(-0.1551514, 0.03393555, 0.9875488)",8.928615,4.576308,90.96411,-2.053892
10:12:10,"(-0.161499, 0.03344727, 0.9960938)",9.209362,4.576308,90.96411,-1.898409
10:12:11,"(-0.1539307, 0.03344727, 0.9921875)",8.879147,4.576308,90.96411,-1.825484
10:12:12,"(-0.1547852, 0.03491211, 0.9887695)",8.897057,4.581326,91.46593,-1.997601
10:12:13,"(-0.1536865, 0.03417969, 0.9980469)",8.75406,4.581326,91.46593,-1.938586
10:12:15,"(-0.1600342, 0.0345459, 0.9904785)",9.102394,4.581326,91.46593,-1.951524
10:12:16,"(-0.1574707, 0.03540039, 0.9902344)",8.981695,4.576308,90.96411,-2.008651
10:12:17,"(-0.1589355, 0.03356934, 0.9904785)",9.130546,4.57129,90.46233,-1.877699
10:12:18,"(-0.1561279, 0.03527832, 0.9908447)",8.954501,4.576308,90.96411,-1.812841
10:12:19,"(-0.1561279, 0.03344727, 0.9869385)",8.989366,4.57129,90.46233,-1.908439
10:12:20,"(-0.1572266, 0.03259277, 0.984375)",9.074758,4.576308,90.96411,-1.923149
10:12:21,"(-0.1573486, 0.03320313, 0.9890137)",9.039796,4.57129,90.46233,-1.897119
10:12:22,"(-0.1544189, 0.03515625, 0.9914551)",8.852681,4.576308,90.96411,-2.006641
10:12:23,"(-0.1525879, 0.03503418, 0.9836426)",8.817744,4.576308,90.96411,-2.01574
10:12:24,"(-0.1569824, 0.03466797, 0.9802246)",9.098625,4.576308,90.96411,-2.000091
10:12:25,"(-0.15625, 0.03417969, 0.9897461)",8.971174,4.576308,90.96411,-1.992156
10:12:26,"(-0.1573486, 0.03234863, 0.9906006)",9.025553,4.576308,90.96411,-1.959107
10:12:27,"(-0.1574707, 0.03430176, 0.9906006)",9.03244,4.57129,90.46233,-1.943137
10:12:28,"(-0.1567383, 0.03442383, 0.9916992)",8.981318,4.576308,90.96411,-1.848577
10:12:29,"(-0.1556396, 0.03356934, 0.989502)",8.935614,4.576308,90.96411,-1.884368
10:12:30,"(-0.15625, 0.03552246, 0.994751)",9.021066,4.576308,90.96411,-2.071222
10:12:32,"(-0.1572266, 0.03393555, 0.9899902)",9.024135,4.576308,90.96411,-1.909835
10:12:33,"(-0.1566162, 0.03527832, 0.9884033)",8.93372,4.581326,91.46593,-2.071038
10:12:34,"(-0.1561279, 0.03491211, 0.9912109)",8.951246,4.576308,90.96411,-1.890557
10:12:35,"(-0.1544189, 0.03381348, 0.9926758)",8.841968,4.581326,91.46593,-1.927742
10:12:36,"(-0.1546631, 0.03430176, 0.9906006)",8.756772,4.576308,90.96411,-2.099491
10:12:37,"(-0.1566162, 0.03222656, 0.9886475)",9.122946,4.566273,89.96055,-2.056497
10:12:38,"(-0.1571045, 0.03405762, 0.9898682)",9.017243,4.576308,90.96411,-2.009273
10:12:39,"(-0.1586914, 0.03344727, 0.9945068)",9.066137,4.566273,89.96055,-2.055195
10:12:40,"(-0.1569824, 0.03442383, 0.9904785)",9.005983,4.576308,90.96411,-1.965979
10:12:41,"(-0.1539307, 0.03186035, 0.9993896)",8.756153,4.576308,90.96411,-1.804693
10:12:42,"(-0.15625, 0.03271484, 0.9897461)",8.895916,4.576308,90.96411,-1.927223
10:12:43,"(-0.1555176, 0.03503418, 0.9929199)",9.067675,4.576308,90.96411,-1.806771
10:12:44,"(-0.1585693, 0.03369141, 0.9910889)",9.090001,4.576308,90.96411,-2.020388
10:12:45,"(-0.1550293, 0.03540039, 0.9892578)",8.906538,4.576308,90.96411,-2.028788
10:12:46,"(-0.1555176, 0.03369141, 0.9869385)",8.954793,4.576308,90.96411,-1.949592
10:12:47,"(-0.1549072, 0.03222656, 0.989624)",8.879152,4.576308,90.96411,-1.985776
10:12:48,"(-0.1542969, 0.03381348, 0.991333)",8.907313,4.576308,90.96411,-1.978451
10:12:49,"(-0.1582031, 0.03125, 0.9938965)",8.993153,4.566273,89.96055,-2.007931
10:12:50,"(-0.1520996, 0.03259277, 0.9880371)",9.124297,4.576308,90.96411,-1.895652
10:12:51,"(-0.1544189, 0.03723145, 0.9967041)",8.806792,4.576308,90.96411,-2.114065
10:12:52,"(-0.1533203, 0.03430176, 0.9888916)",8.813115,4.581326,91.46593,-1.963662
10:12:53,"(-0.1549072, 0.03417969, 0.9903564)",8.889922,4.581326,91.46593,-1.865815
10:12:55,"(-0.1538086, 0.03381348, 0.9888916)",8.775521,4.576308,90.96411,-1.895002
10:12:56,"(-0.1569824, 0.03149414, 0.9923096)",8.989636,4.581326,91.46593,-1.943961
10:12:57,"(-0.1538086, 0.03515625, 0.9916992)",8.871193,4.576308,90.96411,-2.006047
10:12:58,"(-0.1564941, 0.0345459, 0.9904785)",8.971901,4.576308,90.96411,-1.90173
10:12:59,"(-0.1534424, 0.03466797, 0.9897461)",8.812527,4.576308,90.96411,-2.073568
10:13:00,"(-0.1574707, 0.03613281, 0.9934082)",9.00733,4.581326,91.46593,-2.057411
10:13:01,"(-0.1561279, 0.03295898, 0.9929199)",8.759418,4.581326,91.46593,-1.90339
10:13:02,"(-0.1552734, 0.03552246, 0.991333)",8.901965,4.581326,91.46593,-2.117302
10:13:03,"(-0.1553955, 0.03259277, 0.9940186)",8.885165,4.576308,90.96411,-1.997033
10:13:04,"(-0.1589355, 0.0324707, 0.9853516)",9.162793,4.581326,91.46593,-1.863342
10:13:05,"(-0.1558838, 0.03356934, 0.9918213)",8.932065,4.576308,90.96411,-1.915011
10:13:06,"(-0.1535645, 0.03405762, 0.9918213)",8.828808,4.57129,90.46233,-1.943392
10:13:07,"(-0.1551514, 0.03320313, 0.9906006)",8.879365,4.576308,90.96411,-1.946716
10:13:08,"(-0.1550293, 0.0333252, 0.9909668)",9.159021,4.576308,90.96411,-2.01811
10:13:09,"(-0.1541748, 0.03320313, 0.9909668)",8.860379,4.576308,90.96411,-2.025582
10:13:10,"(-0.1557617, 0.03283691, 0.9885254)",8.93492,4.576308,90.96411,-1.826242
10:13:11,"(-0.1556396, 0.03479004, 0.9916992)",8.952993,4.576308,90.96411,-1.845588
10:13:12,"(-0.1550293, 0.03466797, 0.991333)",8.902214,4.576308,90.96411,-1.932945
10:13:14,"(-0.1564941, 0.0345459, 0.9910889)",8.983873,4.576308,90.96411,-1.848623
10:13:15,"(-0.154541, 0.03564453, 0.9887695)",8.880013,4.576308,90.96411,-1.996481
10:13:16,"(-0.1555176, 0.0345459, 0.9890137)",8.924785,4.576308,90.96411,-1.87468
10:13:17,"(-0.1564941, 0.03344727, 0.9887695)",9.106544,4.57129,90.46233,-1.898123
10:13:18,"(-0.1550293, 0.03491211, 0.9897461)",8.842729,4.576308,90.96411,-2.018889
10:13:19,"(-0.1558838, 0.03393555, 0.9849854)",8.923759,4.576308,90.96411,-2.005407
10:13:20,"(-0.1531982, 0.03234863, 0.9903564)",8.793386,4.576308,90.96411,-2.144994
10:13:21,"(-0.1529541, 0.03442383, 0.9942627)",8.745633,4.581326,91.46593,-1.959892
10:13:22,"(-0.1588135, 0.03295898, 0.9921875)",9.037591,4.581326,91.46593,-2.035062
10:13:23,"(-0.1551514, 0.03222656, 0.9903564)",8.860826,4.576308,90.96411,-1.961242
10:13:24,"(-0.1563721, 0.03662109, 0.9924316)",8.954168,4.57129,90.46233,-1.834809
10:13:25,"(-0.1564941, 0.03369141, 0.9854736)",9.023278,4.576308,90.96411,-1.933854
10:13:26,"(-0.1556396, 0.03552246, 0.9995117)",8.850771,4.57129,90.46233,-2.011208
10:13:27,"(-0.1522217, 0.03381348, 0.9859619)",8.776544,4.57129,90.46233,-1.941203
10:13:28,"(-0.1555176, 0.03442383, 0.9919434)",8.910339,4.57129,90.46233,-1.963595
10:13:29,"(-0.152832, 0.03588867, 0.9897461)",8.933238,4.576308,90.96411,-1.910775
10:13:30,"(-0.1564941, 0.03564453, 0.9908447)",8.922574,4.576308,90.96411,-1.959403
10:13:32,"(-0.1574707, 0.03845215, 0.9969482)",9.062093,4.576308,90.96411,-2.027533
10:13:33,"(-0.1556396, 0.03527832, 0.9916992)",8.946468,4.576308,90.96411,-1.935222
10:13:34,"(-0.1552734, 0.03466797, 0.9902344)",8.911683,4.581326,91.46593,-1.909358
10:13:35,"(-0.1558838, 0.03674316, 0.9927979)",8.92342,4.581326,91.46593,-2.089933
10:13:36,"(-0.15271, 0.0369873, 0.9941406)",8.732944,4.581326,91.46593,-2.005302
10:13:37,"(-0.1578369, 0.03540039, 0.9980469)",8.98666,4.586344,91.96771,-2.013596
10:13:38,"(-0.1564941, 0.03552246, 0.9890137)",8.951296,4.581326,91.46593,-1.981078
10:13:39,"(-0.1538086, 0.03405762, 0.9920654)",8.79373,4.566273,89.96055,-1.911173
10:13:40,"(-0.1564941, 0.03466797, 0.993042)",8.865381,4.581326,91.46593,-2.006325
